source_line,sentence,patterns,source_note,review_status,phonics_sequence,naturalness,regional_fit,child_suitability,reviewer,review_date,comments
2,dad ran.,short_a,reviewed subject and action,verify_prior_review,,,,,,,
3,dad sat.,short_a,reviewed subject and action,verify_prior_review,,,,,,,
4,cat ran.,short_a,reviewed subject and action,verify_prior_review,,,,,,,
5,cat sat.,short_a,reviewed subject and action,verify_prior_review,,,,,,,
6,hen ran.,short_a|short_e,reviewed subject and action,verify_prior_review,,,,,,,
7,hen sat.,short_a|short_e,reviewed subject and action,verify_prior_review,,,,,,,
8,pig dug.,short_i|short_u,reviewed subject and action,verify_prior_review,,,,,,,
9,pig ran.,short_a|short_i,reviewed subject and action,verify_prior_review,,,,,,,
10,dog sat.,short_a|short_o,reviewed subject and action,verify_prior_review,,,,,,,
11,dog ran.,short_a|short_o,reviewed subject and action,verify_prior_review,,,,,,,
12,fox hid.,short_i|short_o,reviewed subject and action,verify_prior_review,,,,,,,
13,kid ran.,short_a|short_i,reviewed subject and action,verify_prior_review,,,,,,,
14,kid sat.,short_a|short_i,reviewed subject and action,verify_prior_review,,,,,,,
15,man ran.,short_a,reviewed subject and action,verify_prior_review,,,,,,,
16,man sat.,short_a,reviewed subject and action,verify_prior_review,,,,,,,
17,mom sat.,short_a|short_o,reviewed subject and action,verify_prior_review,,,,,,,
18,mom ran.,short_a|short_o,reviewed subject and action,verify_prior_review,,,,,,,
19,bug hid.,short_i|short_u,reviewed subject and action,verify_prior_review,,,,,,,
20,pup dug.,short_u,reviewed subject and action,verify_prior_review,,,,,,,
21,sun set.,short_e|short_u,reviewed subject and action,verify_prior_review,,,,,,,
22,men ran.,short_a|short_e,reviewed subject and action,verify_prior_review,,,,,,,
23,dad can jog.,short_a|short_o,reviewed sentence with helper verb,verify_prior_review,,,,,,,
24,mom can hop.,short_a|short_o,reviewed sentence with helper verb,verify_prior_review,,,,,,,
25,kid can run.,short_a|short_i|short_u,reviewed sentence with helper verb,verify_prior_review,,,,,,,
26,hen can run.,short_a|short_e|short_u,reviewed sentence with helper verb,verify_prior_review,,,,,,,
27,cat can nap.,short_a,reviewed sentence with helper verb,verify_prior_review,,,,,,,
28,dog can sit.,short_a|short_i|short_o,reviewed sentence with helper verb,verify_prior_review,,,,,,,
29,pig can dig.,short_a|short_i,reviewed sentence with helper verb,verify_prior_review,,,,,,,
30,man can jog.,short_a|short_o,reviewed sentence with helper verb,verify_prior_review,,,,,,,
31,dad can sit.,short_a|short_i,reviewed sentence with helper verb,verify_prior_review,,,,,,,
32,fish can swim.,short_a|short_i|blends|sh,reviewed sentence with digraph and blend,verify_prior_review,,,,,,,
33,dad can fish.,short_a|short_i|sh,reviewed sentence with digraph,verify_prior_review,,,,,,,
34,the cat sat.,short_a|th|tricky,reviewed sentence with common tricky word,verify_prior_review,,,,,,,
35,the dog ran.,short_a|short_o|th|tricky,reviewed sentence with common tricky word,verify_prior_review,,,,,,,
36,the red hen ran.,short_a|short_e|th|tricky,reviewed sentence with common tricky word,verify_prior_review,,,,,,,
37,the big pig dug.,short_i|short_u|th|tricky,reviewed sentence with common tricky word,verify_prior_review,,,,,,,
38,the fox hid.,short_i|short_o|th|tricky,reviewed sentence with common tricky word,verify_prior_review,,,,,,,
39,the sun is hot.,short_o|short_u|th|tricky,reviewed sentence with common tricky words,verify_prior_review,,,,,,,
40,it is red.,short_e|short_i|tricky,reviewed sentence with common tricky word,verify_prior_review,,,,,,,
41,it is hot.,short_i|short_o|tricky,reviewed sentence with common tricky word,verify_prior_review,,,,,,,
42,sit on the mat.,short_a|short_i|short_o|th|tricky,reviewed instruction sentence,verify_prior_review,,,,,,,
43,hop on the log.,short_o|th|tricky,reviewed instruction sentence,verify_prior_review,,,,,,,
44,pet the cat.,short_a|short_e|th|tricky,reviewed instruction sentence,verify_prior_review,,,,,,,
45,hug the pup.,short_u|th|tricky,reviewed instruction sentence,verify_prior_review,,,,,,,
46,dig in the mud.,short_i|short_u|th|tricky,reviewed instruction sentence,verify_prior_review,,,,,,,
47,get in the van.,short_a|short_e|short_i|th|tricky,reviewed instruction sentence,verify_prior_review,,,,,,,
48,the bug is in the cup.,short_i|short_u|th|tricky,reviewed location sentence,verify_prior_review,,,,,,,
49,the fox is in the den.,short_e|short_i|short_o|th|tricky,reviewed location sentence,verify_prior_review,,,,,,,
50,the pup is on the rug.,short_o|short_u|th|tricky,reviewed location sentence,verify_prior_review,,,,,,,
51,the cat hid in the box.,short_a|short_i|short_o|th|tricky,reviewed location sentence,verify_prior_review,,,,,,,
52,the fish can swim.,short_a|short_i|blends|sh|th|tricky,reviewed sentence with digraph and blend,verify_prior_review,,,,,,,
53,the ship is big.,short_i|sh|th|tricky,reviewed sentence with digraph,verify_prior_review,,,,,,,
54,the shop is shut.,short_o|short_u|sh|th|tricky,reviewed sentence with digraph,verify_prior_review,,,,,,,
55,the chick can peck.,short_a|short_e|short_i|ch|th|ck|tricky,reviewed sentence with digraph and ending,verify_prior_review,,,,,,,
56,the duck can swim.,short_a|short_i|short_u|blends|th|ck|tricky,reviewed sentence with blend and ending,verify_prior_review,,,,,,,
57,the frog can hop.,short_a|short_o|blends|th|tricky,reviewed sentence with blend,verify_prior_review,,,,,,,
58,the bell fell.,short_e|th|double|tricky,reviewed sentence with double consonants,verify_prior_review,,,,,,,
59,the drum fell.,short_e|short_u|blends|th|double|tricky,reviewed sentence with blend and double consonant,verify_prior_review,,,,,,,
60,the black cat sat.,short_a|blends|th|ck|tricky,reviewed sentence with blend and ending,verify_prior_review,,,,,,,
61,the red hen went.,short_e|blends|th|tricky,reviewed sentence with blend,verify_prior_review,,,,,,,
62,cat can sit.,short_a|short_i,original decodable sentence; parent review recommended,needs_parent_review,,,,,,,
63,cat can run.,short_a|short_u,original decodable sentence; parent review recommended,needs_parent_review,,,,,,,
64,cat can hop.,short_a|short_o,original decodable sentence; parent review recommended,needs_parent_review,,,,,,,
65,cat got wet.,short_a|short_e|short_o,original decodable sentence; parent review recommended,needs_parent_review,,,,,,,
66,cat hid.,short_a|short_i,original decodable sentence; parent review recommended,needs_parent_review,,,,,,,
67,dog dug.,short_o|short_u,original decodable sentence; parent review recommended,needs_parent_review,,,,,,,
68,dog can run.,short_a|short_o|short_u,original decodable sentence; parent review recommended,needs_parent_review,,,,,,,
69,dog got wet.,short_e|short_o,original decodable sentence; parent review recommended,needs_parent_review,,,,,,,
70,dog hid.,short_i|short_o,original decodable sentence; parent review recommended,needs_parent_review,,,,,,,
71,fox ran.,short_a|short_o,original decodable sentence; parent review recommended,needs_parent_review,,,,,,,
72,fox sat.,short_a|short_o,original decodable sentence; parent review recommended,needs_parent_review,,,,,,,
73,fox can hop.,short_a|short_o,original decodable sentence; parent review recommended,needs_parent_review,,,,,,,
74,hen hid.,short_e|short_i,original decodable sentence; parent review recommended,needs_parent_review,,,,,,,
75,hen can sit.,short_a|short_e|short_i,original decodable sentence; parent review recommended,needs_parent_review,,,,,,,
76,pig sat.,short_a|short_i,original decodable sentence; parent review recommended,needs_parent_review,,,,,,,
77,pig hid.,short_i,original decodable sentence; parent review recommended,needs_parent_review,,,,,,,
78,pig can hop.,short_a|short_i|short_o,original decodable sentence; parent review recommended,needs_parent_review,,,,,,,
79,pup hid.,short_i|short_u,original decodable sentence; parent review recommended,needs_parent_review,,,,,,,
80,pup ran.,short_a|short_u,original decodable sentence; parent review recommended,needs_parent_review,,,,,,,
81,pup can sit.,short_a|short_i|short_u,original decodable sentence; parent review recommended,needs_parent_review,,,,,,,
82,bug sat.,short_a|short_u,original decodable sentence; parent review recommended,needs_parent_review,,,,,,,
83,bug ran.,short_a|short_u,original decodable sentence; parent review recommended,needs_parent_review,,,,,,,
84,bug can hop.,short_a|short_o|short_u,original decodable sentence; parent review recommended,needs_parent_review,,,,,,,
85,kid hid.,short_i,original decodable sentence; parent review recommended,needs_parent_review,,,,,,,
86,kid dug.,short_i|short_u,original decodable sentence; parent review recommended,needs_parent_review,,,,,,,
87,kid can hop.,short_a|short_i|short_o,original decodable sentence; parent review recommended,needs_parent_review,,,,,,,
88,dad can run.,short_a|short_u,original decodable sentence; parent review recommended,needs_parent_review,,,,,,,
89,dad can nap.,short_a,original decodable sentence; parent review recommended,needs_parent_review,,,,,,,
90,dad got wet.,short_a|short_e|short_o,original decodable sentence; parent review recommended,needs_parent_review,,,,,,,
91,mom can sit.,short_a|short_i|short_o,original decodable sentence; parent review recommended,needs_parent_review,,,,,,,
92,mom can run.,short_a|short_o|short_u,original decodable sentence; parent review recommended,needs_parent_review,,,,,,,
93,mom got wet.,short_e|short_o,original decodable sentence; parent review recommended,needs_parent_review,,,,,,,
94,man can run.,short_a|short_u,original decodable sentence; parent review recommended,needs_parent_review,,,,,,,
95,man can sit.,short_a|short_i,original decodable sentence; parent review recommended,needs_parent_review,,,,,,,
96,man got wet.,short_a|short_e|short_o,original decodable sentence; parent review recommended,needs_parent_review,,,,,,,
97,red hen hid.,short_e|short_i,original decodable sentence; parent review recommended,needs_parent_review,,,,,,,
98,big pig sat.,short_a|short_i,original decodable sentence; parent review recommended,needs_parent_review,,,,,,,
99,big dog ran.,short_a|short_i|short_o,original decodable sentence; parent review recommended,needs_parent_review,,,,,,,
100,bad dog hid.,short_a|short_i|short_o,original decodable sentence; parent review recommended,needs_parent_review,,,,,,,
101,mad cat sat.,short_a,original decodable sentence; parent review recommended,needs_parent_review,,,,,,,
102,sad dad sat.,short_a,original decodable sentence; parent review recommended,needs_parent_review,,,,,,,
103,wet dog ran.,short_a|short_e|short_o,original decodable sentence; parent review recommended,needs_parent_review,,,,,,,
104,red fox ran.,short_a|short_e|short_o,original decodable sentence; parent review recommended,needs_parent_review,,,,,,,
105,mom fed pup.,short_e|short_o|short_u,original decodable sentence; parent review recommended,needs_parent_review,,,,,,,
106,dad fed pup.,short_a|short_e|short_u,original decodable sentence; parent review recommended,needs_parent_review,,,,,,,
107,man fed hen.,short_a|short_e,original decodable sentence; parent review recommended,needs_parent_review,,,,,,,
108,pig got wet.,short_e|short_i|short_o,original decodable sentence; parent review recommended,needs_parent_review,,,,,,,
109,kid got wet.,short_e|short_i|short_o,original decodable sentence; parent review recommended,needs_parent_review,,,,,,,
110,hen got wet.,short_e|short_o,original decodable sentence; parent review recommended,needs_parent_review,,,,,,,
111,cat sat on mat.,short_a|short_o,original decodable sentence; parent review recommended,needs_parent_review,,,,,,,
112,dog sat on mat.,short_a|short_o,original decodable sentence; parent review recommended,needs_parent_review,,,,,,,
113,pig sat on mat.,short_a|short_i|short_o,original decodable sentence; parent review recommended,needs_parent_review,,,,,,,
114,pup sat on rug.,short_a|short_o|short_u,original decodable sentence; parent review recommended,needs_parent_review,,,,,,,
115,fox sat on log.,short_a|short_o,original decodable sentence; parent review recommended,needs_parent_review,,,,,,,
116,mom sat on log.,short_a|short_o,original decodable sentence; parent review recommended,needs_parent_review,,,,,,,
117,dad sat on log.,short_a|short_o,original decodable sentence; parent review recommended,needs_parent_review,,,,,,,
118,kid sat on mat.,short_a|short_i|short_o,original decodable sentence; parent review recommended,needs_parent_review,,,,,,,
119,man sat on rug.,short_a|short_o|short_u,original decodable sentence; parent review recommended,needs_parent_review,,,,,,,
120,cat can nap on mat.,short_a|short_o,original decodable sentence; parent review recommended,needs_parent_review,,,,,,,
121,pig can sit in mud.,short_a|short_i|short_u,original decodable sentence; parent review recommended,needs_parent_review,,,,,,,
122,fox can nap in den.,short_a|short_e|short_i|short_o,original decodable sentence; parent review recommended,needs_parent_review,,,,,,,
123,pup can nap on rug.,short_a|short_o|short_u,original decodable sentence; parent review recommended,needs_parent_review,,,,,,,
124,hen can sit in hut.,short_a|short_e|short_i|short_u,original decodable sentence; parent review recommended,needs_parent_review,,,,,,,
125,dog can dig in mud.,short_a|short_i|short_o|short_u,original decodable sentence; parent review recommended,needs_parent_review,,,,,,,
126,kid can dig in mud.,short_a|short_i|short_u,original decodable sentence; parent review recommended,needs_parent_review,,,,,,,
127,dad can jog in sun.,short_a|short_i|short_o|short_u,original decodable sentence; parent review recommended,needs_parent_review,,,,,,,
128,mom can jog in sun.,short_a|short_i|short_o|short_u,original decodable sentence; parent review recommended,needs_parent_review,,,,,,,
129,man can sit in sun.,short_a|short_i|short_u,original decodable sentence; parent review recommended,needs_parent_review,,,,,,,
130,cat can sit in sun.,short_a|short_i|short_u,original decodable sentence; parent review recommended,needs_parent_review,,,,,,,
131,dog can run in sun.,short_a|short_i|short_o|short_u,original decodable sentence; parent review recommended,needs_parent_review,,,,,,,
