kind,word,stage,count,rank
real,can,cvc,36,1
real,on,additional,31,2
real,in,additional,27,3
real,the,additional,27,4
real,is,additional,26,5
real,had,cvc,23,6
real,pup,cvc,23,7
real,fell,digraphs,22,8
real,spot,blends,19,9
real,dad,cvc,17,10
real,was,additional,17,11
real,of,additional,16,12
real,hid,cvc,15,13
real,an,additional,13,14
real,ran,cvc,10,15
real,desk,blends,9,16
real,mom,cvc,9,17
real,you,additional,9,18
real,at,additional,8,19
real,fun,cvc,8,20
real,sat,cvc,8,21
real,set,cvc,8,22
real,van,cvc,8,23
real,dog,cvc,7,24
real,fig,cvc,7,25
real,map,cvc,7,26
real,milk,blends,7,27
real,upset,additional,7,28
real,am,additional,6,29
real,and,blends,6,30
real,bag,cvc,6,31
real,got,cvc,6,32
real,wet,cvc,6,33
real,cat,cvc,5,34
real,cup,cvc,5,35
real,fit,cvc,5,36
real,help,blends,5,37
real,him,cvc,5,38
real,met,cvc,5,39
real,mud,cvc,5,40
real,off,digraphs,5,41
real,red,cvc,5,42
real,rug,cvc,5,43
real,ten,cvc,5,44
real,went,blends,5,45
real,box,cvc,4,46
real,check,digraphs,4,47
real,egg,digraphs,4,48
real,glad,blends,4,49
real,hill,digraphs,4,50
real,hit,cvc,4,51
real,lid,cvc,4,52
real,log,cvc,4,53
real,man,cvc,4,54
real,mat,cvc,4,55
real,melon,additional,4,56
real,pack,digraphs,4,57
real,path,digraphs,4,58
real,rub,cvc,4,59
real,sand,blends,4,60
real,scrub,blends,4,61
real,shelf,blends,4,62
real,shop,digraphs,4,63
real,swim,blends,4,64
real,big,cvc,3,65
real,bit,cvc,3,66
real,bus,cvc,3,67
real,cash,digraphs,3,68
real,flag,blends,3,69
real,fox,cvc,3,70
real,grill,blends,3,71
real,hot,cvc,3,72
real,hut,cvc,3,73
real,it,additional,3,74
real,jam,cvc,3,75
real,math,digraphs,3,76
real,men,cvc,3,77
real,plan,blends,3,78
real,pond,blends,3,79
real,run,cvc,3,80
real,snack,blends,3,81
real,as,additional,2,82
real,bad,cvc,2,83
real,band,blends,2,84
real,bin,cvc,2,85
real,bun,cvc,2,86
real,cab,cvc,2,87
real,chat,digraphs,2,88
real,chick,digraphs,2,89
real,cloth,blends,2,90
real,comic,additional,2,91
real,crisp,blends,2,92
real,cut,cvc,2,93
real,doll,digraphs,2,94
real,dug,cvc,2,95
real,dump,blends,2,96
real,dust,blends,2,97
real,elk,blends,2,98
real,end,blends,2,99
real,fish,digraphs,2,100
real,fog,cvc,2,101
real,fresh,blends,2,102
real,frog,blends,2,103
real,grin,blends,2,104
real,grip,blends,2,105
real,ham,cvc,2,106
real,hand,blends,2,107
real,have,additional,2,108
real,hen,cvc,2,109
real,if,additional,2,110
real,jet,cvc,2,111
real,lamp,blends,2,112
real,leg,cvc,2,113
real,lock,digraphs,2,114
real,lump,blends,2,115
real,mend,blends,2,116
real,nap,cvc,2,117
real,one,additional,2,118
real,pan,cvc,2,119
real,pen,cvc,2,120
real,plum,blends,2,121
real,rock,digraphs,2,122
real,said,additional,2,123
real,sip,cvc,2,124
real,split,blends,2,125
real,stop,blends,2,126
real,stuck,blends,2,127
real,tag,cvc,2,128
real,tap,cvc,2,129
real,tin,cvc,2,130
real,trip,blends,2,131
real,us,additional,2,132
real,valid,additional,2,133
real,vivid,additional,2,134
real,wax,cvc,2,135
real,west,blends,2,136
real,what,additional,2,137
real,wish,digraphs,2,138
real,yen,cvc,2,139
real,yes,cvc,2,140
real,act,blends,1,141
real,add,digraphs,1,142
real,admit,additional,1,143
real,amp,blends,1,144
real,ant,blends,1,145
real,antic,additional,1,146
real,apt,blends,1,147
real,are,additional,1,148
real,ash,digraphs,1,149
real,ask,blends,1,150
real,back,digraphs,1,151
real,ban,cvc,1,152
real,bank,blends,1,153
real,bat,cvc,1,154
real,bath,digraphs,1,155
real,bed,cvc,1,156
real,beg,cvc,1,157
real,bell,digraphs,1,158
real,best,blends,1,159
real,bet,cvc,1,160
real,bill,digraphs,1,161
real,black,blends,1,162
real,blast,blends,1,163
real,blend,blends,1,164
real,bless,blends,1,165
real,blob,blends,1,166
real,block,blends,1,167
real,bog,cvc,1,168
real,boss,digraphs,1,169
real,brand,blends,1,170
real,brick,blends,1,171
real,brush,blends,1,172
real,buck,digraphs,1,173
real,bud,cvc,1,174
real,bug,cvc,1,175
real,bump,blends,1,176
real,bunch,blends,1,177
real,but,cvc,1,178
real,buzz,digraphs,1,179
real,cabin,additional,1,180
real,camp,blends,1,181
real,cap,cvc,1,182
real,cast,blends,1,183
real,chap,digraphs,1,184
real,chest,blends,1,185
real,chin,digraphs,1,186
real,chomp,blends,1,187
real,chop,digraphs,1,188
real,civic,additional,1,189
real,clamp,blends,1,190
real,clap,blends,1,191
real,clash,blends,1,192
real,class,blends,1,193
real,clip,blends,1,194
real,clock,blends,1,195
real,club,blends,1,196
real,cluck,blends,1,197
real,come,additional,1,198
real,cop,cvc,1,199
real,cot,cvc,1,200
real,could,additional,1,201
real,crab,blends,1,202
real,craft,blends,1,203
real,cram,blends,1,204
real,crash,blends,1,205
real,crept,blends,1,206
real,crop,blends,1,207
real,cross,blends,1,208
real,crush,blends,1,209
real,crust,blends,1,210
real,cub,cvc,1,211
real,dam,cvc,1,212
real,damp,blends,1,213
real,dash,digraphs,1,214
real,den,cvc,1,215
real,denim,additional,1,216
real,dig,cvc,1,217
real,digit,additional,1,218
real,dip,cvc,1,219
real,dish,digraphs,1,220
real,disk,blends,1,221
real,dock,digraphs,1,222
real,dot,cvc,1,223
real,dress,blends,1,224
real,drift,blends,1,225
real,drink,blends,1,226
real,drip,blends,1,227
real,drop,blends,1,228
real,drum,blends,1,229
real,duck,digraphs,1,230
real,dud,cvc,1,231
real,dwelt,blends,1,232
real,edit,additional,1,233
real,elf,blends,1,234
real,fan,cvc,1,235
real,fast,blends,1,236
real,fed,cvc,1,237
real,fifth,blends,1,238
real,fill,digraphs,1,239
real,filth,blends,1,240
real,fin,cvc,1,241
real,fist,blends,1,242
real,flask,blends,1,243
real,flat,blends,1,244
real,flesh,blends,1,245
real,flock,blends,1,246
real,flush,blends,1,247
real,fond,blends,1,248
real,frisk,blends,1,249
real,frost,blends,1,250
real,fuzz,digraphs,1,251
real,gas,cvc,1,252
real,gash,digraphs,1,253
real,get,cvc,1,254
real,gift,blends,1,255
real,gig,cvc,1,256
real,gland,blends,1,257
real,gloss,blends,1,258
real,grab,blends,1,259
real,grand,blends,1,260
real,grant,blends,1,261
real,grasp,blends,1,262
real,gruff,blends,1,263
real,gum,cvc,1,264
real,gush,digraphs,1,265
real,habit,additional,1,266
real,hack,digraphs,1,267
real,happy,additional,1,268
real,hat,cvc,1,269
real,hem,cvc,1,270
real,hip,cvc,1,271
real,hog,cvc,1,272
real,hop,cvc,1,273
real,hub,cvc,1,274
real,hug,cvc,1,275
real,hum,cvc,1,276
real,hush,digraphs,1,277
real,ill,digraphs,1,278
real,index,additional,1,279
real,ink,blends,1,280
real,input,additional,1,281
real,inset,additional,1,282
real,jack,digraphs,1,283
real,jig,cvc,1,284
real,job,cvc,1,285
real,jog,cvc,1,286
real,jug,cvc,1,287
real,kept,blends,1,288
real,kick,digraphs,1,289
real,kid,cvc,1,290
real,kin,cvc,1,291
real,kiss,digraphs,1,292
real,lack,digraphs,1,293
real,lad,cvc,1,294
real,land,blends,1,295
real,lap,cvc,1,296
real,lash,digraphs,1,297
real,last,blends,1,298
real,led,cvc,1,299
real,left,blends,1,300
real,lemon,additional,1,301
real,lend,blends,1,302
real,limit,additional,1,303
real,lip,cvc,1,304
real,list,blends,1,305
real,lit,cvc,1,306
real,loss,digraphs,1,307
real,lot,cvc,1,308
real,luck,digraphs,1,309
real,mad,cvc,1,310
real,mast,blends,1,311
real,melt,blends,1,312
real,mess,digraphs,1,313
real,mist,blends,1,314
real,mix,cvc,1,315
real,mob,cvc,1,316
real,mock,digraphs,1,317
real,mop,cvc,1,318
real,moss,digraphs,1,319
real,much,digraphs,1,320
real,mug,cvc,1,321
real,must,blends,1,322
real,neck,digraphs,1,323
real,nest,blends,1,324
real,net,cvc,1,325
real,nip,cvc,1,326
real,nod,cvc,1,327
real,not,cvc,1,328
real,nut,cvc,1,329
real,odd,digraphs,1,330
real,ox,additional,1,331
real,panic,additional,1,332
real,pant,blends,1,333
real,pat,cvc,1,334
real,peck,digraphs,1,335
real,peg,cvc,1,336
real,pet,cvc,1,337
real,pick,digraphs,1,338
real,pig,cvc,1,339
real,pill,digraphs,1,340
real,pin,cvc,1,341
real,pink,blends,1,342
real,pit,cvc,1,343
real,pivot,additional,1,344
real,plant,blends,1,345
real,pluck,blends,1,346
real,plump,blends,1,347
real,pop,cvc,1,348
real,pot,cvc,1,349
real,print,blends,1,350
real,puff,digraphs,1,351
real,pump,blends,1,352
real,puppy,additional,1,353
real,rack,digraphs,1,354
real,rag,cvc,1,355
real,ram,cvc,1,356
real,rapid,additional,1,357
real,rash,digraphs,1,358
real,rat,cvc,1,359
real,rest,blends,1,360
real,rib,cvc,1,361
real,rich,digraphs,1,362
real,rid,cvc,1,363
real,rig,cvc,1,364
real,rim,cvc,1,365
real,rip,cvc,1,366
real,rivet,additional,1,367
real,rob,cvc,1,368
real,robin,additional,1,369
real,rod,cvc,1,370
real,rush,digraphs,1,371
real,sack,digraphs,1,372
real,sad,cvc,1,373
real,salad,additional,1,374
real,sap,cvc,1,375
real,sash,digraphs,1,376
real,sell,digraphs,1,377
real,shack,digraphs,1,378
real,shaft,blends,1,379
real,shall,digraphs,1,380
real,shell,digraphs,1,381
real,shift,blends,1,382
real,ship,digraphs,1,383
real,shock,digraphs,1,384
real,shrug,blends,1,385
real,shut,digraphs,1,386
real,sick,digraphs,1,387
real,silk,blends,1,388
real,silly,additional,1,389
real,sin,cvc,1,390
real,sit,cvc,1,391
real,six,cvc,1,392
real,skill,blends,1,393
real,skin,blends,1,394
real,skip,blends,1,395
real,skunk,blends,1,396
real,slam,blends,1,397
real,slap,blends,1,398
real,slip,blends,1,399
real,slush,blends,1,400
real,smell,blends,1,401
real,snap,blends,1,402
real,snug,blends,1,403
real,sob,cvc,1,404
real,sock,digraphs,1,405
real,soft,blends,1,406
real,solid,additional,1,407
real,some,additional,1,408
real,span,blends,1,409
real,spell,blends,1,410
real,spent,blends,1,411
real,spill,blends,1,412
real,spin,blends,1,413
real,stab,blends,1,414
real,stack,blends,1,415
real,stamp,blends,1,416
real,stand,blends,1,417
real,stem,blends,1,418
real,step,blends,1,419
real,still,blends,1,420
real,stock,blends,1,421
real,stomp,blends,1,422
real,stub,blends,1,423
real,such,digraphs,1,424
real,sum,cvc,1,425
real,sun,cvc,1,426
real,swept,blends,1,427
real,swift,blends,1,428
real,tack,digraphs,1,429
real,tan,cvc,1,430
real,tank,blends,1,431
real,tell,digraphs,1,432
real,tenet,additional,1,433
real,tent,blends,1,434
real,their,additional,1,435
real,them,digraphs,1,436
real,then,digraphs,1,437
real,there,additional,1,438
real,thick,digraphs,1,439
real,thin,digraphs,1,440
real,thump,blends,1,441
real,tick,digraphs,1,442
real,timid,additional,1,443
real,tip,cvc,1,444
real,top,cvc,1,445
real,topic,additional,1,446
real,track,blends,1,447
real,tramp,blends,1,448
real,trap,blends,1,449
real,trash,blends,1,450
real,trend,blends,1,451
real,trick,blends,1,452
real,trot,blends,1,453
real,truck,blends,1,454
real,tub,cvc,1,455
real,tuck,digraphs,1,456
real,tug,cvc,1,457
real,twin,blends,1,458
real,two,additional,1,459
real,up,additional,1,460
real,vast,blends,1,461
real,vet,cvc,1,462
real,visit,additional,1,463
real,wag,cvc,1,464
real,wagon,additional,1,465
real,web,cvc,1,466
real,well,digraphs,1,467
real,were,additional,1,468
real,where,additional,1,469
real,wig,cvc,1,470
real,win,cvc,1,471
real,would,additional,1,472
real,yam,cvc,1,473
real,yap,cvc,1,474
real,zip,cvc,1,475
helper,a,,295,
helper,I,,89,
helper,my,,25,
helper,to,,5,
