sentence,patterns,note
cat can nap.,short_a,"Practises cat, can, and nap in context"
I am at a bus stop.,short_a|short_o|short_u|blends|tricky,"Practises stop, bus in context"
an ox ran.,short_a|short_o,"Practises ox, ran in context"
"if you can, run.",short_a|short_i|short_u|tricky,"Practises if, run in context"
a bat sat on a mat.,short_a|short_o|tricky,"Practises bat, mat in context"
a bad bug bit dad.,short_a|short_i|short_u|tricky,"Practises bug, bad in context"
the big bun fell.,short_e|short_i|short_u|th|double|tricky,"Practises bun, big in context"
a bus hit a bump.,short_i|short_u|blends|tricky,"Practises bump, bus in context"
a cab had a flat.,short_a|blends|tricky,"Practises flat, cab in context"
I got a soft cot.,short_o|blends|tricky,"Practises soft, cot in context"
cut a bun in two.,short_i|short_u|tricky,"Practises two, bun in context"
dad dug a pit.,short_a|short_i|short_u|tricky,"Practises pit, dug in context"
dig a dip in the sand.,short_a|short_i|blends|th|tricky,"Practises dig, dip in context"
my dog got wet.,short_e|short_o|tricky,"Practises got, wet in context"
I spot a dot.,short_o|blends|tricky,"Practises dot, spot in context"
I set a fan on a desk.,short_a|short_e|short_o|blends|tricky,"Practises fan, set in context"
I fed him.,short_e|short_i|tricky,"Practises fed, him in context"
I spot a red fin.,short_e|short_i|short_o|blends|tricky,"Practises fin, red in context"
a fit man ran.,short_a|short_i|tricky,"Practises man, fit in context"
fog hid the sun.,short_i|short_o|short_u|th|tricky,"Practises sun, fog in context"
the fun run was hot.,short_o|short_u|th|tricky,"Practises hot, run in context"
gum got stuck.,short_o|short_u|blends|ck,"Practises gum, stuck in context"
I grill ham.,short_a|short_i|blends|double|tricky,"Practises ham, grill in context"
a hen had an egg.,short_a|short_e|double|tricky,"Practises hen, egg in context"
I tap my hip.,short_a|short_i|tricky,"Practises hip, tap in context"
a hot pot fell.,short_e|short_o|double|tricky,"Practises pot, hot in context"
I had jam.,short_a|tricky,"Practises jam, had in context"
a fast jet went west.,short_a|short_e|blends|tricky,"Practises fast, west in context"
I jog at ten.,short_a|short_e|short_o|tricky,"Practises jog, ten in context"
a jug fell off a shelf.,short_e|short_o|short_u|blends|sh|double|tricky,"Practises jug, shelf in context"
a kid got a gift.,short_i|short_o|blends|tricky,"Practises gift, kid in context"
a cast fit my leg.,short_a|short_e|short_i|blends|tricky,"Practises cast, leg in context"
I bit my lip.,short_i|tricky,"Practises lip, bit in context"
a man met mom.,short_a|short_e|short_o|tricky,"Practises man, met in context"
men can mend a tent.,short_a|short_e|blends|tricky,"Practises tent, mend in context"
a mop got wet.,short_e|short_o|tricky,"Practises mop, got in context"
I nap at ten.,short_a|short_e|tricky,"Practises nap, ten in context"
I pack a net.,short_a|short_e|ck|tricky,"Practises net, pack in context"
nod if you can.,short_a|short_i|short_o|tricky,"Practises nod, if in context"
I am not sad.,short_a|short_o|tricky,"Practises not, sad in context"
a nut fell in a cup.,short_e|short_i|short_u|double|tricky,"Practises nut, cup in context"
pat a pup.,short_a|short_u|tricky,"Practises pat, pup in context"
pet a cat.,short_a|short_e|tricky,"Practises pet, cat in context"
a pig dug in mud.,short_i|short_u|tricky,"Practises pig, dug in context"
a rat hid in a bin.,short_a|short_i|tricky,"Practises rat, bin in context"
red wax fell on a rug.,short_a|short_e|short_o|short_u|double|tricky,"Practises wax, red in context"
I spot a rod.,short_o|blends|tricky,"Practises rod, spot in context"
rub the wet dog.,short_e|short_o|short_u|th|tricky,"Practises rub, wet in context"
run up a hill.,short_i|short_u|double|tricky,"Practises up, run in context"
tap a tin.,short_a|short_i|tricky,"Practises tap, tin in context"
ten men sat in a van.,short_a|short_e|short_i|tricky,"Practises men, ten in context"
I set a tin on the top shelf.,short_e|short_i|short_o|blends|sh|th|tricky,"Practises top, tin in context"
a vet met a pup.,short_e|short_u|tricky,"Practises vet, met in context"
I spot a web.,short_e|short_o|blends|tricky,"Practises web, spot in context"
I can win.,short_a|short_i|tricky,"Practises win, can in context"
"yes, I can sit.",short_a|short_e|short_i|tricky,"Practises sit, yes in context"
zip a bag.,short_a|short_i|tricky,"Practises zip, bag in context"
I spot a bud.,short_o|short_u|blends|tricky,"Practises bud, spot in context"
I beg you.,short_e|tricky,"Practises beg, you in context"
I bet my dog can swim.,short_a|short_e|short_i|short_o|blends|tricky,"Practises bet, swim in context"
a bit of jam fell.,short_a|short_e|short_i|double|tricky,"Practises bit, jam in context"
a cop met dad.,short_a|short_e|short_o|tricky,"Practises cop, met in context"
a cub hid in a den.,short_e|short_i|short_u|tricky,"Practises cub, den in context"
I spot a dam on a map.,short_a|short_o|blends|tricky,"Practises dam, map in context"
a dud egg fell.,short_e|short_u|double|tricky,"Practises dud, egg in context"
get a van.,short_a|short_e|tricky,"Practises get, van in context"
a gig was fun.,short_i|short_u|tricky,"Practises gig, fun in context"
I mend a hem.,short_e|blends|tricky,"Practises hem, mend in context"
a hog ran in a bog.,short_a|short_i|short_o|tricky,"Practises bog, hog in context"
a van had a hub.,short_a|short_u|tricky,"Practises hub, van in context"
I can hum.,short_a|short_u|tricky,"Practises hum, can in context"
a job was fun.,short_o|short_u|tricky,"Practises job, fun in context"
my kin met at a hut.,short_a|short_e|short_i|short_u|tricky,"Practises kin, hut in context"
a lad had a cap.,short_a|tricky,"Practises cap, lad in context"
a pup sat on my lap.,short_a|short_o|short_u|tricky,"Practises lap, sat in context"
I led a pup.,short_e|short_u|tricky,"Practises led, pup in context"
dad lit a lamp.,short_a|short_i|blends|tricky,"Practises lit, lamp in context"
a lot of fish can swim.,short_a|short_i|short_o|blends|sh|tricky,"Practises lot, fish in context"
mom had a mug.,short_a|short_o|short_u|tricky,"Practises mug, mom in context"
a pup can nip.,short_a|short_i|short_u|tricky,"Practises nip, pup in context"
I set a peg on my desk.,short_e|short_o|blends|tricky,"Practises peg, set in context"
pop a lid.,short_i|short_o|tricky,"Practises pop, lid in context"
a ram hit my van.,short_a|short_i|tricky,"Practises ram, hit in context"
I had a rib.,short_a|short_i|tricky,"Practises rib, had in context"
rid a rug of mud.,short_i|short_u|tricky,"Practises rid, mud in context"
a big rig got stuck.,short_i|short_o|short_u|blends|ck|tricky,"Practises rig, stuck in context"
I spot a red rim.,short_e|short_i|short_o|blends|tricky,"Practises rim, red in context"
a map can rip.,short_a|short_i|tricky,"Practises rip, map in context"
a fox can rob a nest.,short_a|short_e|short_o|blends|tricky,"Practises nest, rob in context"
I spot sap.,short_a|short_o|blends|tricky,"Practises sap, spot in context"
set my cup on a mat.,short_a|short_e|short_o|short_u|tricky,"Practises mat, cup in context"
a sin is a bad act.,short_a|short_i|blends|tricky,"Practises act, sin in context"
sip milk.,short_i|blends,"Practises sip, milk in context"
a pup can sob.,short_a|short_o|short_u|tricky,"Practises sob, pup in context"
the sum is ten.,short_e|short_u|th|tricky,"Practises sum, ten in context"
a tan dog ran.,short_a|short_o|tricky,"Practises tan, dog in context"
tip my pan.,short_a|short_i|tricky,"Practises tip, pan in context"
tug a rug.,short_u|tricky,"Practises tug, rug in context"
wag a flag.,short_a|blends|tricky,"Practises wag, flag in context"
I fit a wig on a doll.,short_i|short_o|double|tricky,"Practises wig, doll in context"
I grill a yam.,short_a|short_i|blends|double|tricky,"Practises yam, grill in context"
a pup can yap.,short_a|short_u|tricky,"Practises yap, pup in context"
one yen fell.,short_e|double|tricky,"Practises one, yen in context"
add an egg to a pan.,short_a|short_e|double|tricky,"Practises add, pan in context"
ash fell on a path.,short_a|short_e|short_o|sh|th|double|tricky,"Practises ash, path in context"
I am ill.,short_a|short_i|double|tricky,"Practises ill, am in context"
a lamp is off.,short_a|short_o|blends|double|tricky,"Practises lamp, off in context"
a duck hid at the back.,short_a|short_i|short_u|th|ck|tricky,"Practises back, duck in context"
a bath is hot.,short_a|short_o|th|tricky,"Practises bath, hot in context"
a bell fell.,short_e|double|tricky,"Practises bell, fell in context"
dad and mom chat.,short_a|short_o|blends|ch,"Practises chat, and in context"
I rub my chin.,short_i|short_u|ch|tricky,"Practises chin, rub in context"
fill a cup.,short_i|short_u|double|tricky,"Practises fill, cup in context"
fish can swim.,short_a|short_i|blends|sh,"Practises fish, can, and swim in context"
a hill is vast.,short_a|short_i|blends|double|tricky,"Practises vast, hill in context"
I spot a mess.,short_e|short_o|blends|double|tricky,"Practises mess, spot in context"
I had much fun.,short_a|short_u|ch|tricky,"Practises much, fun in context"
pick a plum.,short_i|short_u|blends|ck|tricky,"Practises pick, plum in context"
a puff of fog hid him.,short_i|short_o|short_u|double|tricky,"Practises puff, fog in context"
I can split such a thick shell.,short_a|short_e|short_i|short_u|blends|sh|ch|th|ck|double|tricky,"Practises shell, thick in context"
a thin chick hid.,short_i|ch|th|ck|tricky,"Practises thin, chick in context"
I wish you well.,short_e|short_i|sh|double|tricky,"Practises well, wish in context"
I spot a chick at a shack.,short_a|short_i|short_o|blends|sh|ch|ck|tricky,"Practises shack, chick in context"
a shock hit a cat.,short_a|short_i|short_o|sh|ck|tricky,"Practises shock, hit in context"
I had odd cash.,short_a|short_o|sh|double|tricky,"Practises odd, cash in context"
a chap had a chat.,short_a|ch|tricky,"Practises chap, chat in context"
dash to my van.,short_a|sh|tricky,"Practises dash, van in context"
a gash is on a leg.,short_a|short_e|short_o|sh|tricky,"Practises gash, leg in context"
dad can hack a log.,short_a|short_o|ck|tricky,"Practises hack, log in context"
jack had a snack.,short_a|blends|ck|tricky,"Practises jack, snack in context"
a lack of milk upset him.,short_a|short_e|short_i|short_u|blends|ck|tricky|two_syllables,"Practises lack, him in context"
lash a bag to a rack.,short_a|sh|ck|tricky,"Practises lash, rack in context"
math is fun.,short_a|short_u|th|tricky,"Practises math, fun in context"
pack a sack.,short_a|ck|tricky,"Practises sack, pack in context"
a rash upset him.,short_a|short_e|short_i|short_u|sh|tricky|two_syllables,"Practises rash, him in context"
I fit a sash on a dress.,short_a|short_e|short_i|short_o|blends|sh|double|tricky,"Practises dress, sash in context"
tack a map on my desk.,short_a|short_e|short_o|blends|ck|tricky,"Practises tack, map in context"
peck a fig.,short_e|short_i|ck|tricky,"Practises peck, fig in context"
sell a van.,short_a|short_e|double|tricky,"Practises sell, van in context"
tell them what you said.,short_e|th|double|tricky,"Practises tell, them in context"
then an egg fell.,short_a|short_e|th|double,"Practises then, egg in context"
I set a bill on a desk.,short_e|short_i|short_o|blends|double|tricky,"Practises bill, set in context"
I set a dish on a shelf.,short_e|short_i|short_o|blends|sh|tricky,"Practises dish, shelf in context"
kick a lump of mud.,short_i|short_u|blends|ck|tricky,"Practises kick, lump in context"
I kiss mom.,short_i|short_o|double|tricky,"Practises kiss, mom in context"
a pill is in a box.,short_i|short_o|double|tricky,"Practises pill, box in context"
a rich man had a shop.,short_a|short_i|short_o|sh|ch|tricky,"Practises rich, shop in context"
I help a sick pup.,short_e|short_i|short_u|blends|ck|tricky,"Practises sick, help in context"
tick a box.,short_i|short_o|ck|tricky,"Practises tick, box in context"
a boss had a plan.,short_a|short_o|blends|double|tricky,"Practises boss, plan in context"
chop a log.,short_o|ch|tricky,"Practises chop, log in context"
I spot a wet dock.,short_e|short_o|blends|ck|tricky,"Practises dock, wet in context"
lock a cab.,short_a|short_o|ck|tricky,"Practises lock, cab in context"
a loss can upset you.,short_a|short_e|short_o|short_u|double|tricky|two_syllables,"Practises loss, upset in context"
a mock shop is fun.,short_o|short_u|sh|ck|tricky,"Practises mock, shop in context"
I spot moss on a rock.,short_o|blends|ck|double|tricky,"Practises moss, rock in context"
I scrub a sock.,short_o|short_u|blends|ck|tricky,"Practises sock, scrub in context"
a buck hid in the brush.,short_i|short_u|blends|sh|th|ck|tricky,"Practises brush, buck in context"
a buzz is in a hut.,short_i|short_u|double|tricky,"Practises buzz, hut in context"
I spot fuzz on a rug.,short_o|short_u|blends|double|tricky,"Practises fuzz, rug in context"
a gush of milk hit a mat.,short_a|short_i|short_u|blends|sh|tricky,"Practises gush, hit in context"
hush a pup.,short_u|sh|tricky,"Practises hush, pup in context"
I had luck.,short_a|short_u|ck|tricky,"Practises luck, had in context"
rush to a bus stop.,short_o|short_u|blends|sh|tricky,"Practises rush, stop in context"
shut a box.,short_o|short_u|sh|tricky,"Practises shut, box in context"
tuck a pup in bed.,short_e|short_i|short_u|ck|tricky,"Practises tuck, bed in context"
shall I check the lock?,short_a|short_e|short_o|sh|ch|th|ck|double|tricky,"Practises shall, lock in context"
check a map.,short_a|short_e|ch|ck|tricky,"Practises check, map in context"
an amp was on.,short_a|short_o|blends|tricky,"Practises amp, an in context"
dad and mom went to camp.,short_a|short_e|short_o|blends|tricky,"Practises camp, went in context"
an ant hid in a plant.,short_a|short_i|blends|tricky,"Practises plant, ant in context"
it was an apt plan.,short_a|short_i|blends|tricky,"Practises apt, plan in context"
ask dad.,short_a|blends,"Practises ask, dad in context"
a band had a drum.,short_a|short_u|blends|tricky,"Practises drum, band in context"
a frog sat on a bank.,short_a|short_o|blends|tricky,"Practises bank, frog in context"
dad had the best hat.,short_a|short_e|blends|th|tricky,"Practises best, hat in context"
a black cat sat.,short_a|blends|ck|tricky,"Practises black, cat in context"
a band was a blast.,short_a|blends|tricky,"Practises blast, band in context"
blend a melon and lemon.,short_a|short_e|blends|tricky|two_syllables,"Practises blend, lemon in context"
bless you.,short_e|blends|double|tricky,"Practises bless, you in context"
a blob of jam fell.,short_a|short_e|short_o|blends|double|tricky,"Practises blob, jam in context"
a block fell.,short_e|short_o|blends|ck|double|tricky,"Practises block, fell in context"
I spot a brand on my bag.,short_a|short_o|blends|tricky,"Practises brand, bag in context"
a brick fell in a pond.,short_e|short_i|short_o|blends|ck|double|tricky,"Practises brick, pond in context"
a bunch of us went.,short_e|short_u|blends|ch|tricky,"Practises bunch, us in context"
a chest had cash.,short_a|short_e|blends|sh|ch|tricky,"Practises chest, cash in context"
chomp a fig.,short_i|short_o|blends|ch|tricky,"Practises chomp, fig in context"
clamp a lid.,short_a|short_i|blends|tricky,"Practises clamp, lid in context"
clap and grin.,short_a|short_i|blends,"Practises clap, grin in context"
red and pink clash.,short_a|short_e|short_i|blends|sh,"Practises clash, pink in context"
a class had math.,short_a|blends|th|double|tricky,"Practises class, math in context"
clip a tag.,short_a|short_i|blends|tricky,"Practises clip, tag in context"
I set a clock on a shelf.,short_e|short_o|blends|sh|ck|tricky,"Practises clock, shelf in context"
denim is a cloth.,short_e|short_i|short_o|blends|th|tricky|two_syllables,"Practises denim, cloth in context"
the civic club met.,short_e|short_i|short_u|blends|th|tricky|two_syllables,"Practises civic, club in context"
a hen can cluck.,short_a|short_e|short_u|blends|ck|tricky,"Practises cluck, hen in context"
a crab hid in the sand.,short_a|short_i|blends|th|tricky,"Practises crab, sand in context"
I can craft a doll.,short_a|short_o|blends|double|tricky,"Practises craft, doll in context"
I cram a snack in a bag.,short_a|short_i|blends|ck|tricky,"Practises cram, snack in context"
a van had a crash.,short_a|blends|sh|tricky,"Practises crash, van in context"
a fox crept in.,short_e|short_i|short_o|blends|tricky,"Practises crept, fox in context"
a crisp snack fell.,short_a|short_e|short_i|blends|ck|double|tricky,"Practises crisp, snack in context"
a crop was cut.,short_o|short_u|blends|tricky,"Practises crop, cut in context"
cross a path.,short_a|short_o|blends|th|double|tricky,"Practises cross, path in context"
crush a fig.,short_i|short_u|blends|sh|tricky,"Practises crush, fig in context"
a crust is crisp.,short_i|short_u|blends|tricky,"Practises crust, crisp in context"
a damp rag fell.,short_a|short_e|blends|double|tricky,"Practises damp, rag in context"
I set a disk on a desk.,short_e|short_i|short_o|blends|tricky,"Practises disk, set in context"
a log can drift.,short_a|short_i|short_o|blends|tricky,"Practises drift, log in context"
drink the milk.,short_i|blends|th|tricky,"Practises drink, milk in context"
milk can drip.,short_a|short_i|blends,"Practises drip, milk in context"
drop a plum.,short_o|short_u|blends|tricky,"Practises drop, plum in context"
dump the sand.,short_a|short_u|blends|th|tricky,"Practises dump, sand in context"
I scrub dust off a desk.,short_e|short_o|short_u|blends|double|tricky,"Practises dust, scrub in context"
an elf dwelt in a hut.,short_a|short_e|short_i|short_u|blends|tricky,"Practises dwelt, elf in context"
an elk ran.,short_a|short_e|blends,"Practises elk, ran in context"
end a trip.,short_e|short_i|blends|tricky,"Practises trip, end in context"
the fifth pup hid.,short_i|short_u|blends|th|tricky,"Practises fifth, hid in context"
I scrub filth off my rug.,short_i|short_o|short_u|blends|th|double|tricky,"Practises filth, scrub in context"
my fist is big.,short_i|blends|tricky,"Practises fist, big in context"
I pack a flask.,short_a|blends|ck|tricky,"Practises flask, pack in context"
the flesh of a melon is red.,short_e|blends|sh|th|tricky|two_syllables,"Practises flesh, melon in context"
a flock went west.,short_e|short_o|blends|ck|tricky,"Practises flock, west in context"
flush it.,short_i|short_u|blends|sh,"Practises flush, it in context"
I am fond of a pup.,short_a|short_o|short_u|blends|tricky,"Practises fond, am in context"
a fresh fig fell.,short_e|short_i|blends|sh|double|tricky,"Practises fresh, fig in context"
a pup can frisk.,short_a|short_i|short_u|blends|tricky,"Practises frisk, pup in context"
a frog can hop on a log.,short_a|short_o|blends|tricky,"Practises hop, frog in context"
I spot frost.,short_o|blends|tricky,"Practises frost, spot in context"
I am glad.,short_a|blends|tricky,"Practises glad, am in context"
a gland is in a neck.,short_a|short_e|short_i|blends|ck|tricky,"Practises gland, neck in context"
the gloss on a cup is vivid.,short_i|short_o|short_u|blends|th|double|tricky|two_syllables,"Practises gloss, vivid in context"
grab a flag.,short_a|blends|tricky,"Practises grab, flag in context"
a grand plan can help.,short_a|short_e|blends|tricky,"Practises grand, plan in context"
I grant you a wish.,short_a|short_i|blends|sh|tricky,"Practises grant, wish in context"
grasp a flag.,short_a|blends|tricky,"Practises grasp, flag in context"
grill the ham.,short_a|short_i|blends|th|double|tricky,"Practises ham, grill in context"
grip my bag.,short_a|short_i|blends|tricky,"Practises grip, bag in context"
a gruff man had a grin.,short_a|short_i|short_u|blends|double|tricky,"Practises gruff, grin in context"
I rub my hand.,short_a|short_u|blends|tricky,"Practises hand, rub in context"
help dad.,short_a|short_e|blends,"Practises help, dad in context"
I spot ink on a desk.,short_e|short_i|short_o|blends|tricky,"Practises ink, desk in context"
dad kept a map.,short_a|short_e|blends|tricky,"Practises kept, map in context"
a jet can land.,short_a|short_e|blends|tricky,"Practises land, jet in context"
the last pup hid.,short_a|short_i|short_u|blends|th|tricky,"Practises last, hid in context"
dad left a shop.,short_a|short_e|short_o|blends|sh|tricky,"Practises left, shop in context"
lend mom a pen.,short_e|short_o|blends|tricky,"Practises lend, pen in context"
I have a list.,short_i|blends|tricky,"Practises list, have in context"
a lump of mud fell.,short_e|short_u|blends|double|tricky,"Practises lump, mud in context"
a ship had a mast.,short_a|short_i|blends|sh|tricky,"Practises mast, ship in context"
wax can melt.,short_a|short_e|blends,"Practises melt, wax in context"
mist hid a hill.,short_i|blends|double|tricky,"Practises mist, hill in context"
I must rest.,short_e|short_u|blends|tricky,"Practises must, rest in context"
a dog can pant.,short_a|short_o|blends|tricky,"Practises pant, dog in context"
pluck a fig.,short_i|short_u|blends|ck|tricky,"Practises pluck, fig in context"
a plump pup sat.,short_a|short_u|blends|tricky,"Practises plump, sat in context"
print a map.,short_a|short_i|blends|tricky,"Practises print, map in context"
a pump is at a pond.,short_a|short_o|short_u|blends|tricky,"Practises pump, pond in context"
scrub a tub.,short_u|blends|tricky,"Practises tub, scrub in context"
a shaft is in a hill.,short_a|short_i|blends|sh|double|tricky,"Practises shaft, hill in context"
shift my desk.,short_e|short_i|blends|sh|tricky,"Practises shift, desk in context"
I can shrug.,short_a|short_u|blends|sh|tricky,"Practises shrug, can in context"
silk is a cloth.,short_i|short_o|blends|th|tricky,"Practises silk, cloth in context"
a skill can help.,short_a|short_e|short_i|blends|double|tricky,"Practises skill, help in context"
I rub my skin.,short_i|short_u|blends|tricky,"Practises skin, rub in context"
skip a step.,short_e|short_i|blends|tricky,"Practises skip, step in context"
slam a lid.,short_a|short_i|blends|tricky,"Practises slam, lid in context"
slap my bag on a desk.,short_a|short_e|short_o|blends|tricky,"Practises slap, bag in context"
I slip in slush.,short_i|short_u|blends|sh|tricky,"Practises slush, slip in context"
smell the fresh fig.,short_e|short_i|blends|sh|th|double|tricky,"Practises smell, fresh in context"
snap a lid on my cup.,short_a|short_i|short_o|short_u|blends|tricky,"Practises snap, lid in context"
a snug pup sat.,short_a|short_u|blends|tricky,"Practises snug, sat in context"
a span of a path was wet.,short_a|short_e|blends|th|tricky,"Practises span, path in context"
spell cat.,short_a|short_e|blends|double,"Practises spell, cat in context"
I spent a yen.,short_e|blends|tricky,"Practises spent, yen in context"
milk can spill.,short_a|short_i|blends|double,"Practises spill, milk in context"
a rapid spin upset him.,short_a|short_e|short_i|short_u|blends|tricky|two_syllables,"Practises rapid, spin in context"
split a melon.,short_e|short_i|blends|tricky|two_syllables,"Practises split, melon in context"
spot a skunk.,short_o|short_u|blends|tricky,"Practises skunk, spot in context"
a pin can stab a hand.,short_a|short_i|blends|tricky,"Practises stab, pin in context"
a stack of cash fell.,short_a|short_e|blends|sh|ck|double|tricky,"Practises stack, cash in context"
stamp a tag.,short_a|blends|tricky,"Practises stamp, tag in context"
stand on a mat.,short_a|short_o|blends|tricky,"Practises stand, mat in context"
I spot a wet fig stem.,short_e|short_i|short_o|blends|tricky,"Practises stem, wet in context"
I spot a still pond.,short_i|short_o|blends|double|tricky,"Practises still, pond in context"
stock a shop.,short_o|blends|sh|ck|tricky,"Practises stock, shop in context"
stomp in mud.,short_i|short_o|short_u|blends,"Practises stomp, mud in context"
a stub of a pen fell.,short_e|short_u|blends|double|tricky,"Practises stub, pen in context"
mom swept the dust.,short_e|short_o|short_u|blends|th|tricky,"Practises swept, dust in context"
a swift fox ran.,short_a|short_i|short_o|blends|tricky,"Practises swift, fox in context"
a thump upset a pup.,short_e|short_u|blends|th|tricky|two_syllables,"Practises thump, upset in context"
a track is on a map.,short_a|short_o|blends|ck|tricky,"Practises track, map in context"
tramp on a path.,short_a|short_o|blends|th|tricky,"Practises tramp, path in context"
a trap is in the sand.,short_a|short_i|blends|th|tricky,"Practises trap, sand in context"
I dump trash in a bin.,short_a|short_i|short_u|blends|sh|tricky,"Practises trash, dump in context"
a trend can end.,short_a|short_e|blends|tricky,"Practises trend, end in context"
a pup had a trick.,short_a|short_i|short_u|blends|ck|tricky,"Practises trick, had in context"
a trip was fun.,short_i|short_u|blends|tricky,"Practises trip, fun in context"
an elk can trot.,short_a|short_e|short_o|blends,"Practises trot, elk in context"
a tank was on my truck.,short_a|short_o|short_u|blends|ck|tricky,"Practises truck, tank in context"
I have a twin.,short_i|blends|tricky,"Practises twin, have in context"
I admit it.,short_a|short_i|tricky|two_syllables,"Practises admit, it in context"
the antic upset mom.,short_a|short_e|short_i|short_o|short_u|th|tricky|two_syllables,"Practises antic, upset in context"
are you glad?,short_a|blends|tricky,"Practises are, glad in context"
I am as fit as dad.,short_a|short_i|tricky,"Practises as, fit in context"
I visit a cabin.,short_a|short_i|tricky|two_syllables,"Practises cabin, visit in context"
come in.,short_i|tricky,"Practises come, in in context"
a comic was vivid.,short_i|short_o|tricky|two_syllables,"Practises comic, vivid in context"
I could swim.,short_i|blends|tricky,"Practises could, swim in context"
six is a digit.,short_i|tricky|two_syllables,"Practises digit, six in context"
edit my comic.,short_e|short_i|short_o|tricky|two_syllables,"Practises edit, comic in context"
a habit can help.,short_a|short_e|short_i|blends|tricky|two_syllables,"Practises habit, help in context"
I check an index.,short_a|short_e|short_i|blends|ch|ck|tricky|two_syllables,"Practises index, check in context"
an input was valid.,short_a|short_i|short_u|tricky|two_syllables,"Practises input, valid in context"
I check an inset.,short_a|short_e|short_i|ch|ck|tricky|two_syllables,"Practises inset, check in context"
a limit is ten.,short_e|short_i|tricky|two_syllables,"Practises limit, ten in context"
a melon fell.,short_e|double|tricky|two_syllables,"Practises melon, fell in context"
one pup hid.,short_i|short_u|tricky,"Practises one, hid in context"
I was in a panic.,short_a|short_i|tricky|two_syllables,"Practises panic, was in context"
I can pivot.,short_a|short_i|short_o|tricky|two_syllables,"Practises pivot, can in context"
a happy puppy ran.,short_a|short_u|double|tricky|two_syllables,"Practises happy, puppy in context"
a rivet fell off.,short_e|short_i|short_o|double|tricky|two_syllables,"Practises rivet, off in context"
mix a salad.,short_a|short_i|tricky|two_syllables,"Practises salad, mix in context"
I grip a solid rock.,short_i|short_o|blends|ck|tricky|two_syllables,"Practises solid, grip in context"
I sip some milk.,short_i|blends|tricky,"Practises some, sip in context"
a tenet was valid.,short_a|short_e|short_i|tricky|two_syllables,"Practises tenet, valid in context"
their dog was glad.,short_a|short_o|blends|tricky,"Practises their, glad in context"
there went a robin.,short_e|short_i|short_o|blends|tricky|two_syllables,"Practises robin, there in context"
the timid pup hid.,short_i|short_u|th|tricky|two_syllables,"Practises timid, hid in context"
a topic was math.,short_a|short_i|short_o|th|tricky|two_syllables,"Practises topic, math in context"
a dog ran at us.,short_a|short_o|short_u|tricky,"Practises us, dog in context"
I pack a wagon.,short_a|short_o|ck|tricky|two_syllables,"Practises wagon, pack in context"
dad and mom were glad.,short_a|short_o|blends|tricky,"Practises were, glad in context"
what is in the box?,short_i|short_o|th|tricky,"Practises what, box in context"
where is the pup?,short_u|th|tricky,"Practises where, pup in context"
I would hug a pup.,short_u|tricky,"Practises would, hug in context"
I said yes.,short_e|tricky,"Practises said, yes in context"
a ban upset dad.,short_a|short_e|short_u|tricky|two_syllables,"Practises ban, upset in context"
"I ran, but dad sat.",short_a|short_u|tricky,"Practises but, sat in context"
a van had gas.,short_a|tricky,"Practises gas, van in context"
a jig is fun.,short_i|short_u|tricky,"Practises jig, fun in context"
dad was mad.,short_a|tricky,"Practises mad, dad in context"
a mob of men ran.,short_a|short_e|short_o|tricky,"Practises mob, men in context"
a silly pup hid.,short_i|short_u|double|tricky|two_syllables,"Practises silly, hid in context"
