word,category,patterns,note,stage,subskill
am,TWO_REAL,short_a,,additional,two_letter
an,TWO_REAL,short_a,,additional,two_letter
at,TWO_REAL,short_a,,additional,two_letter
if,TWO_REAL,short_i,,additional,two_letter
in,TWO_REAL,short_i,,additional,two_letter
it,TWO_REAL,short_i,,additional,two_letter
on,TWO_REAL,short_o,,additional,two_letter
ox,TWO_REAL,short_o,,additional,two_letter
up,TWO_REAL,short_u,,additional,two_letter
us,TWO_REAL,short_u,,additional,two_letter
add,THREE_REAL,short_a|double,,digraphs,double
are,THREE_REAL,tricky,common irregular word,additional,tricky
ash,THREE_REAL,short_a|sh,,digraphs,sh
bat,THREE_REAL,short_a,,cvc,short_a
bed,THREE_REAL,short_e,,cvc,short_e
big,THREE_REAL,short_i,,cvc,short_i
bug,THREE_REAL,short_u,,cvc,short_u
bun,THREE_REAL,short_u,,cvc,short_u
bus,THREE_REAL,short_u,,cvc,short_u
cab,THREE_REAL,short_a,,cvc,short_a
cat,THREE_REAL,short_a,,cvc,short_a
cot,THREE_REAL,short_o,,cvc,short_o
cup,THREE_REAL,short_u,,cvc,short_u
cut,THREE_REAL,short_u,,cvc,short_u
dad,THREE_REAL,short_a,,cvc,short_a
den,THREE_REAL,short_e,,cvc,short_e
dig,THREE_REAL,short_i,,cvc,short_i
dog,THREE_REAL,short_o,,cvc,short_o
dot,THREE_REAL,short_o,,cvc,short_o
dug,THREE_REAL,short_u,,cvc,short_u
egg,THREE_REAL,short_e|double,,digraphs,double
fan,THREE_REAL,short_a,,cvc,short_a
fed,THREE_REAL,short_e,,cvc,short_e
fin,THREE_REAL,short_i,,cvc,short_i
fit,THREE_REAL,short_i,,cvc,short_i
fog,THREE_REAL,short_o,,cvc,short_o
fun,THREE_REAL,short_u,,cvc,short_u
got,THREE_REAL,short_o,,cvc,short_o
gum,THREE_REAL,short_u,,cvc,short_u
ham,THREE_REAL,short_a,,cvc,short_a
hen,THREE_REAL,short_e,,cvc,short_e
him,THREE_REAL,short_i,,cvc,short_i
hip,THREE_REAL,short_i,,cvc,short_i
hop,THREE_REAL,short_o,,cvc,short_o
hot,THREE_REAL,short_o,,cvc,short_o
hug,THREE_REAL,short_u,,cvc,short_u
hut,THREE_REAL,short_u,,cvc,short_u
ill,THREE_REAL,short_i|double,,digraphs,double
jam,THREE_REAL,short_a,,cvc,short_a
jet,THREE_REAL,short_e,,cvc,short_e
jog,THREE_REAL,short_o,,cvc,short_o
jug,THREE_REAL,short_u,,cvc,short_u
kid,THREE_REAL,short_i,,cvc,short_i
leg,THREE_REAL,short_e,,cvc,short_e
lip,THREE_REAL,short_i,,cvc,short_i
log,THREE_REAL,short_o,,cvc,short_o
man,THREE_REAL,short_a,,cvc,short_a
map,THREE_REAL,short_a,,cvc,short_a
mat,THREE_REAL,short_a,,cvc,short_a
men,THREE_REAL,short_e,,cvc,short_e
mop,THREE_REAL,short_o,,cvc,short_o
mud,THREE_REAL,short_u,,cvc,short_u
mug,THREE_REAL,short_u,,cvc,short_u
nap,THREE_REAL,short_a,,cvc,short_a
net,THREE_REAL,short_e,,cvc,short_e
nod,THREE_REAL,short_o,,cvc,short_o
not,THREE_REAL,short_o,,cvc,short_o
nut,THREE_REAL,short_u,,cvc,short_u
off,THREE_REAL,short_o|double,,digraphs,double
one,THREE_REAL,tricky,common irregular word,additional,tricky
pan,THREE_REAL,short_a,,cvc,short_a
pat,THREE_REAL,short_a,,cvc,short_a
pen,THREE_REAL,short_e,,cvc,short_e
pet,THREE_REAL,short_e,,cvc,short_e
pig,THREE_REAL,short_i,,cvc,short_i
pin,THREE_REAL,short_i,,cvc,short_i
pot,THREE_REAL,short_o,,cvc,short_o
ran,THREE_REAL,short_a,,cvc,short_a
rat,THREE_REAL,short_a,,cvc,short_a
red,THREE_REAL,short_e,,cvc,short_e
rod,THREE_REAL,short_o,,cvc,short_o
run,THREE_REAL,short_u,,cvc,short_u
sad,THREE_REAL,short_a,,cvc,short_a
sat,THREE_REAL,short_a,,cvc,short_a
sit,THREE_REAL,short_i,,cvc,short_i
six,THREE_REAL,short_i,,cvc,short_i
sun,THREE_REAL,short_u,,cvc,short_u
tap,THREE_REAL,short_a,,cvc,short_a
ten,THREE_REAL,short_e,,cvc,short_e
the,THREE_REAL,tricky|th,common irregular word,additional,tricky
tin,THREE_REAL,short_i,,cvc,short_i
top,THREE_REAL,short_o,,cvc,short_o
two,THREE_REAL,tricky,common irregular word,additional,tricky
van,THREE_REAL,short_a,,cvc,short_a
vet,THREE_REAL,short_e,,cvc,short_e
was,THREE_REAL,tricky,common irregular word,additional,tricky
web,THREE_REAL,short_e,,cvc,short_e
win,THREE_REAL,short_i,,cvc,short_i
yes,THREE_REAL,short_e,,cvc,short_e
you,THREE_REAL,tricky,common irregular word,additional,tricky
zip,THREE_REAL,short_i,,cvc,short_i
bem,THREE_SILLY,short_e,,silly,silly
bup,THREE_SILLY,short_u,,silly,silly
dax,THREE_SILLY,short_a,,silly,silly
esk,THREE_SILLY,short_e|blends,,silly,silly
fip,THREE_SILLY,short_i,,silly,silly
fom,THREE_SILLY,short_o,,silly,silly
gax,THREE_SILLY,short_a,,silly,silly
guf,THREE_SILLY,short_u,,silly,silly
ift,THREE_SILLY,short_i|blends,,silly,silly
jek,THREE_SILLY,short_e,,silly,silly
jop,THREE_SILLY,short_o,,silly,silly
jup,THREE_SILLY,short_u,,silly,silly
mip,THREE_SILLY,short_i,,silly,silly
mup,THREE_SILLY,short_u,,silly,silly
osp,THREE_SILLY,short_o|blends,,silly,silly
pev,THREE_SILLY,short_e,,silly,silly
pim,THREE_SILLY,short_i,,silly,silly
tiv,THREE_SILLY,short_i,,silly,silly
usp,THREE_SILLY,short_u|blends,,silly,silly
vab,THREE_SILLY,short_a,,silly,silly
vap,THREE_SILLY,short_a,,silly,silly
vop,THREE_SILLY,short_o,,silly,silly
vud,THREE_SILLY,short_u,,silly,silly
wib,THREE_SILLY,short_i,,silly,silly
wum,THREE_SILLY,short_u,,silly,silly
yop,THREE_SILLY,short_o,,silly,silly
zam,THREE_SILLY,short_a,,silly,silly
zem,THREE_SILLY,short_e,,silly,silly
zep,THREE_SILLY,short_e,,silly,silly
zib,THREE_SILLY,short_i,,silly,silly
zid,THREE_SILLY,short_i,,silly,silly
zog,THREE_SILLY,short_o,,silly,silly
zup,THREE_SILLY,short_u,,silly,silly
zuv,THREE_SILLY,short_u,,silly,silly
back,FOUR_REAL,short_a|ck,,digraphs,ck
band,FOUR_REAL,short_a|blends,,blends,plain
bath,FOUR_REAL,short_a|th,,digraphs,th
bell,FOUR_REAL,short_e|double,,digraphs,double
chat,FOUR_REAL,short_a|ch,,digraphs,ch
chin,FOUR_REAL,short_i|ch,,digraphs,ch
come,FOUR_REAL,tricky,common irregular word,additional,tricky
doll,FOUR_REAL,short_o|double,,digraphs,double
drum,FOUR_REAL,short_u|blends,,blends,plain
duck,FOUR_REAL,short_u|ck,,digraphs,ck
edit,FOUR_REAL,short_e|short_i|two_syllables,,additional,two_syllables
fill,FOUR_REAL,short_i|double,,digraphs,double
fish,FOUR_REAL,short_i|sh,,digraphs,sh
frog,FOUR_REAL,short_o|blends,,blends,plain
hand,FOUR_REAL,short_a|blends,,blends,plain
have,FOUR_REAL,tricky,common irregular word,additional,tricky
hill,FOUR_REAL,short_i|double,,digraphs,double
lamp,FOUR_REAL,short_a|blends,,blends,plain
mess,FOUR_REAL,short_e|double,,digraphs,double
milk,FOUR_REAL,short_i|blends,,blends,plain
much,FOUR_REAL,short_u|ch,,digraphs,ch
neck,FOUR_REAL,short_e|ck,,digraphs,ck
nest,FOUR_REAL,short_e|blends,,blends,plain
path,FOUR_REAL,short_a|th,,digraphs,th
pick,FOUR_REAL,short_i|ck,,digraphs,ck
plum,FOUR_REAL,short_u|blends,,blends,plain
pond,FOUR_REAL,short_o|blends,,blends,plain
puff,FOUR_REAL,short_u|double,,digraphs,double
rock,FOUR_REAL,short_o|ck,,digraphs,ck
said,FOUR_REAL,tricky,common irregular word,additional,tricky
sand,FOUR_REAL,short_a|blends,,blends,plain
ship,FOUR_REAL,short_i|sh,,digraphs,sh
shop,FOUR_REAL,short_o|sh,,digraphs,sh
some,FOUR_REAL,tricky,common irregular word,additional,tricky
stop,FOUR_REAL,short_o|blends,,blends,plain
such,FOUR_REAL,short_u|ch,,digraphs,ch
tent,FOUR_REAL,short_e|blends,,blends,plain
thin,FOUR_REAL,short_i|th,,digraphs,th
were,FOUR_REAL,tricky,common irregular word,additional,tricky
what,FOUR_REAL,tricky,common irregular word,additional,tricky
wish,FOUR_REAL,short_i|sh,,digraphs,sh
blend,FIVE_REAL,short_e|blends,,blends,plain
cabin,FIVE_REAL,short_a|short_i|two_syllables,,additional,two_syllables
chick,FIVE_REAL,short_i|ch|ck,,digraphs,combined
comic,FIVE_REAL,short_o|short_i|two_syllables,,additional,two_syllables
could,FIVE_REAL,tricky,common irregular word,additional,tricky
crust,FIVE_REAL,short_u|blends,,blends,plain
frost,FIVE_REAL,short_o|blends,,blends,plain
grand,FIVE_REAL,short_a|blends,,blends,plain
habit,FIVE_REAL,short_a|short_i|two_syllables,,additional,two_syllables
happy,FIVE_REAL,short_a|double|tricky|two_syllables,common irregular word,additional,two_syllables
lemon,FIVE_REAL,short_e|two_syllables|tricky,common irregular word,additional,two_syllables
limit,FIVE_REAL,short_i|two_syllables,,additional,two_syllables
melon,FIVE_REAL,short_e|two_syllables|tricky,common irregular word,additional,two_syllables
plant,FIVE_REAL,short_a|blends,,blends,plain
print,FIVE_REAL,short_i|blends,,blends,plain
puppy,FIVE_REAL,short_u|double|tricky|two_syllables,common irregular word,additional,two_syllables
rapid,FIVE_REAL,short_a|short_i|two_syllables,,additional,two_syllables
shell,FIVE_REAL,short_e|sh|double,,digraphs,combined
shock,FIVE_REAL,short_o|sh|ck,,digraphs,combined
silly,FIVE_REAL,short_i|double|tricky|two_syllables,common irregular word,additional,two_syllables
spent,FIVE_REAL,short_e|blends,,blends,plain
stamp,FIVE_REAL,short_a|blends,,blends,plain
their,FIVE_REAL,tricky,common irregular word,additional,tricky
there,FIVE_REAL,tricky,common irregular word,additional,tricky
thick,FIVE_REAL,short_i|th|ck,,digraphs,combined
topic,FIVE_REAL,short_o|short_i|two_syllables,,additional,two_syllables
trend,FIVE_REAL,short_e|blends,,blends,plain
valid,FIVE_REAL,short_a|short_i|two_syllables,,additional,two_syllables
visit,FIVE_REAL,short_i|two_syllables|tricky,common irregular word,additional,two_syllables
where,FIVE_REAL,tricky,common irregular word,additional,tricky
would,FIVE_REAL,tricky,common irregular word,additional,tricky
as,TWO_REAL,tricky,common irregular word with voiced final s,additional,tricky
is,TWO_REAL,tricky,common irregular word with voiced final s,additional,tricky
of,TWO_REAL,tricky,common irregular word with irregular vowel and final consonant,additional,tricky
act,THREE_REAL,short_a|blends,,blends,plain
amp,THREE_REAL,short_a|blends,,blends,plain
and,THREE_REAL,short_a|blends,,blends,plain
ant,THREE_REAL,short_a|blends,,blends,plain
apt,THREE_REAL,short_a|blends,,blends,plain
ask,THREE_REAL,short_a|blends,,blends,plain
bad,THREE_REAL,short_a,,cvc,short_a
bag,THREE_REAL,short_a,,cvc,short_a
ban,THREE_REAL,short_a,,cvc,short_a
beg,THREE_REAL,short_e,,cvc,short_e
bet,THREE_REAL,short_e,,cvc,short_e
bin,THREE_REAL,short_i,,cvc,short_i
bit,THREE_REAL,short_i,,cvc,short_i
bog,THREE_REAL,short_o,,cvc,short_o
box,THREE_REAL,short_o,,cvc,short_o
bud,THREE_REAL,short_u,,cvc,short_u
but,THREE_REAL,short_u,,cvc,short_u
can,THREE_REAL,short_a,,cvc,short_a
cap,THREE_REAL,short_a,,cvc,short_a
cop,THREE_REAL,short_o,,cvc,short_o
cub,THREE_REAL,short_u,,cvc,short_u
dam,THREE_REAL,short_a,,cvc,short_a
dip,THREE_REAL,short_i,,cvc,short_i
dud,THREE_REAL,short_u,,cvc,short_u
elf,THREE_REAL,short_e|blends,,blends,plain
elk,THREE_REAL,short_e|blends,,blends,plain
end,THREE_REAL,short_e|blends,,blends,plain
fig,THREE_REAL,short_i,,cvc,short_i
fox,THREE_REAL,short_o,,cvc,short_o
gas,THREE_REAL,short_a,,cvc,short_a
get,THREE_REAL,short_e,,cvc,short_e
gig,THREE_REAL,short_i,,cvc,short_i
had,THREE_REAL,short_a,,cvc,short_a
hat,THREE_REAL,short_a,,cvc,short_a
hem,THREE_REAL,short_e,,cvc,short_e
hid,THREE_REAL,short_i,,cvc,short_i
hit,THREE_REAL,short_i,,cvc,short_i
hog,THREE_REAL,short_o,,cvc,short_o
hub,THREE_REAL,short_u,,cvc,short_u
hum,THREE_REAL,short_u,,cvc,short_u
ink,THREE_REAL,short_i|blends,,blends,plain
jig,THREE_REAL,short_i,,cvc,short_i
job,THREE_REAL,short_o,,cvc,short_o
kin,THREE_REAL,short_i,,cvc,short_i
lad,THREE_REAL,short_a,,cvc,short_a
lap,THREE_REAL,short_a,,cvc,short_a
led,THREE_REAL,short_e,,cvc,short_e
lid,THREE_REAL,short_i,,cvc,short_i
lit,THREE_REAL,short_i,,cvc,short_i
lot,THREE_REAL,short_o,,cvc,short_o
mad,THREE_REAL,short_a,,cvc,short_a
met,THREE_REAL,short_e,,cvc,short_e
mix,THREE_REAL,short_i,,cvc,short_i
mob,THREE_REAL,short_o,,cvc,short_o
mom,THREE_REAL,short_o,,cvc,short_o
nip,THREE_REAL,short_i,,cvc,short_i
odd,THREE_REAL,short_o|double,,digraphs,double
peg,THREE_REAL,short_e,,cvc,short_e
pit,THREE_REAL,short_i,,cvc,short_i
pop,THREE_REAL,short_o,,cvc,short_o
pup,THREE_REAL,short_u,,cvc,short_u
rag,THREE_REAL,short_a,,cvc,short_a
ram,THREE_REAL,short_a,,cvc,short_a
rib,THREE_REAL,short_i,,cvc,short_i
rid,THREE_REAL,short_i,,cvc,short_i
rig,THREE_REAL,short_i,,cvc,short_i
rim,THREE_REAL,short_i,,cvc,short_i
rip,THREE_REAL,short_i,,cvc,short_i
rob,THREE_REAL,short_o,,cvc,short_o
rub,THREE_REAL,short_u,,cvc,short_u
rug,THREE_REAL,short_u,,cvc,short_u
sap,THREE_REAL,short_a,,cvc,short_a
set,THREE_REAL,short_e,,cvc,short_e
sin,THREE_REAL,short_i,,cvc,short_i
sip,THREE_REAL,short_i,,cvc,short_i
sob,THREE_REAL,short_o,,cvc,short_o
sum,THREE_REAL,short_u,,cvc,short_u
tag,THREE_REAL,short_a,,cvc,short_a
tan,THREE_REAL,short_a,,cvc,short_a
tip,THREE_REAL,short_i,,cvc,short_i
tub,THREE_REAL,short_u,,cvc,short_u
tug,THREE_REAL,short_u,,cvc,short_u
wag,THREE_REAL,short_a,,cvc,short_a
wax,THREE_REAL,short_a,,cvc,short_a
wet,THREE_REAL,short_e,,cvc,short_e
wig,THREE_REAL,short_i,,cvc,short_i
yam,THREE_REAL,short_a,,cvc,short_a
yap,THREE_REAL,short_a,,cvc,short_a
yen,THREE_REAL,short_e,,cvc,short_e
bax,THREE_SILLY,short_a,,silly,silly
baz,THREE_SILLY,short_a,,silly,silly
daz,THREE_SILLY,short_a,,silly,silly
faz,THREE_SILLY,short_a,,silly,silly
hez,THREE_SILLY,short_e,,silly,silly
jad,THREE_SILLY,short_a,,silly,silly
jaf,THREE_SILLY,short_a,,silly,silly
jak,THREE_SILLY,short_a,,silly,silly
jal,THREE_SILLY,short_a,,silly,silly
jas,THREE_SILLY,short_a,,silly,silly
jav,THREE_SILLY,short_a,,silly,silly
jax,THREE_SILLY,short_a,,silly,silly
jaz,THREE_SILLY,short_a,,silly,silly
vad,THREE_SILLY,short_a,,silly,silly
vaf,THREE_SILLY,short_a,,silly,silly
vak,THREE_SILLY,short_a,,silly,silly
vam,THREE_SILLY,short_a,,silly,silly
vav,THREE_SILLY,short_a,,silly,silly
vaz,THREE_SILLY,short_a,,silly,silly
zab,THREE_SILLY,short_a,,silly,silly
zaf,THREE_SILLY,short_a,,silly,silly
zal,THREE_SILLY,short_a,,silly,silly
zas,THREE_SILLY,short_a,,silly,silly
zav,THREE_SILLY,short_a,,silly,silly
zaz,THREE_SILLY,short_a,,silly,silly
wak,THREE_SILLY,short_a,,silly,silly
wal,THREE_SILLY,short_a,,silly,silly
wam,THREE_SILLY,short_a,,silly,silly
wav,THREE_SILLY,short_a,,silly,silly
waz,THREE_SILLY,short_a,,silly,silly
yab,THREE_SILLY,short_a,,silly,silly
yaf,THREE_SILLY,short_a,,silly,silly
yag,THREE_SILLY,short_a,,silly,silly
yal,THREE_SILLY,short_a,,silly,silly
yav,THREE_SILLY,short_a,,silly,silly
yax,THREE_SILLY,short_a,,silly,silly
yaz,THREE_SILLY,short_a,,silly,silly
jeg,THREE_SILLY,short_e,,silly,silly
jel,THREE_SILLY,short_e,,silly,silly
jep,THREE_SILLY,short_e,,silly,silly
jev,THREE_SILLY,short_e,,silly,silly
jex,THREE_SILLY,short_e,,silly,silly
jez,THREE_SILLY,short_e,,silly,silly
veb,THREE_SILLY,short_e,,silly,silly
ved,THREE_SILLY,short_e,,silly,silly
vef,THREE_SILLY,short_e,,silly,silly
bep,THREE_SILLY,short_e,,silly,silly
vek,THREE_SILLY,short_e,,silly,silly
vel,THREE_SILLY,short_e,,silly,silly
vem,THREE_SILLY,short_e,,silly,silly
ven,THREE_SILLY,short_e,,silly,silly
vep,THREE_SILLY,short_e,,silly,silly
ves,THREE_SILLY,short_e,,silly,silly
vev,THREE_SILLY,short_e,,silly,silly
vez,THREE_SILLY,short_e,,silly,silly
zef,THREE_SILLY,short_e,,silly,silly
zeg,THREE_SILLY,short_e,,silly,silly
zek,THREE_SILLY,short_e,,silly,silly
zes,THREE_SILLY,short_e,,silly,silly
zet,THREE_SILLY,short_e,,silly,silly
zev,THREE_SILLY,short_e,,silly,silly
zex,THREE_SILLY,short_e,,silly,silly
zez,THREE_SILLY,short_e,,silly,silly
wef,THREE_SILLY,short_e,,silly,silly
weg,THREE_SILLY,short_e,,silly,silly
wek,THREE_SILLY,short_e,,silly,silly
wel,THREE_SILLY,short_e,,silly,silly
wep,THREE_SILLY,short_e,,silly,silly
wev,THREE_SILLY,short_e,,silly,silly
wex,THREE_SILLY,short_e,,silly,silly
wez,THREE_SILLY,short_e,,silly,silly
yeb,THREE_SILLY,short_e,,silly,silly
yef,THREE_SILLY,short_e,,silly,silly
yeg,THREE_SILLY,short_e,,silly,silly
yek,THREE_SILLY,short_e,,silly,silly
yel,THREE_SILLY,short_e,,silly,silly
yem,THREE_SILLY,short_e,,silly,silly
yev,THREE_SILLY,short_e,,silly,silly
jik,THREE_SILLY,short_i,,silly,silly
jil,THREE_SILLY,short_i,,silly,silly
jip,THREE_SILLY,short_i,,silly,silly
jis,THREE_SILLY,short_i,,silly,silly
jiv,THREE_SILLY,short_i,,silly,silly
jix,THREE_SILLY,short_i,,silly,silly
vib,THREE_SILLY,short_i,,silly,silly
vif,THREE_SILLY,short_i,,silly,silly
vig,THREE_SILLY,short_i,,silly,silly
vik,THREE_SILLY,short_i,,silly,silly
vil,THREE_SILLY,short_i,,silly,silly
biv,THREE_SILLY,short_i,,silly,silly
bov,THREE_SILLY,short_o,,silly,silly
buv,THREE_SILLY,short_u,,silly,silly
zif,THREE_SILLY,short_i,,silly,silly
zik,THREE_SILLY,short_i,,silly,silly
zil,THREE_SILLY,short_i,,silly,silly
zim,THREE_SILLY,short_i,,silly,silly
zis,THREE_SILLY,short_i,,silly,silly
ziv,THREE_SILLY,short_i,,silly,silly
zix,THREE_SILLY,short_i,,silly,silly
ziz,THREE_SILLY,short_i,,silly,silly
wif,THREE_SILLY,short_i,,silly,silly
wik,THREE_SILLY,short_i,,silly,silly
wil,THREE_SILLY,short_i,,silly,silly
wip,THREE_SILLY,short_i,,silly,silly
wiv,THREE_SILLY,short_i,,silly,silly
wix,THREE_SILLY,short_i,,silly,silly
jod,THREE_SILLY,short_o,,silly,silly
jof,THREE_SILLY,short_o,,silly,silly
jok,THREE_SILLY,short_o,,silly,silly
jom,THREE_SILLY,short_o,,silly,silly
jov,THREE_SILLY,short_o,,silly,silly
jox,THREE_SILLY,short_o,,silly,silly
joz,THREE_SILLY,short_o,,silly,silly
vob,THREE_SILLY,short_o,,silly,silly
vof,THREE_SILLY,short_o,,silly,silly
vok,THREE_SILLY,short_o,,silly,silly
dov,THREE_SILLY,short_o,,silly,silly
vos,THREE_SILLY,short_o,,silly,silly
vot,THREE_SILLY,short_o,,silly,silly
vov,THREE_SILLY,short_o,,silly,silly
voz,THREE_SILLY,short_o,,silly,silly
zob,THREE_SILLY,short_o,,silly,silly
zod,THREE_SILLY,short_o,,silly,silly
zof,THREE_SILLY,short_o,,silly,silly
zok,THREE_SILLY,short_o,,silly,silly
zol,THREE_SILLY,short_o,,silly,silly
zom,THREE_SILLY,short_o,,silly,silly
zon,THREE_SILLY,short_o,,silly,silly
zop,THREE_SILLY,short_o,,silly,silly
zos,THREE_SILLY,short_o,,silly,silly
zot,THREE_SILLY,short_o,,silly,silly
zov,THREE_SILLY,short_o,,silly,silly
zox,THREE_SILLY,short_o,,silly,silly
zoz,THREE_SILLY,short_o,,silly,silly
wof,THREE_SILLY,short_o,,silly,silly
wol,THREE_SILLY,short_o,,silly,silly
wom,THREE_SILLY,short_o,,silly,silly
wos,THREE_SILLY,short_o,,silly,silly
wov,THREE_SILLY,short_o,,silly,silly
wox,THREE_SILLY,short_o,,silly,silly
woz,THREE_SILLY,short_o,,silly,silly
yod,THREE_SILLY,short_o,,silly,silly
yof,THREE_SILLY,short_o,,silly,silly
yog,THREE_SILLY,short_o,,silly,silly
yol,THREE_SILLY,short_o,,silly,silly
yos,THREE_SILLY,short_o,,silly,silly
yov,THREE_SILLY,short_o,,silly,silly
yoz,THREE_SILLY,short_o,,silly,silly
jub,THREE_SILLY,short_u,,silly,silly
juf,THREE_SILLY,short_u,,silly,silly
juk,THREE_SILLY,short_u,,silly,silly
jul,THREE_SILLY,short_u,,silly,silly
jum,THREE_SILLY,short_u,,silly,silly
fep,THREE_SILLY,short_e,,silly,silly
juv,THREE_SILLY,short_u,,silly,silly
jux,THREE_SILLY,short_u,,silly,silly
juz,THREE_SILLY,short_u,,silly,silly
vub,THREE_SILLY,short_u,,silly,silly
vuf,THREE_SILLY,short_u,,silly,silly
vuk,THREE_SILLY,short_u,,silly,silly
vul,THREE_SILLY,short_u,,silly,silly
vun,THREE_SILLY,short_u,,silly,silly
vup,THREE_SILLY,short_u,,silly,silly
vus,THREE_SILLY,short_u,,silly,silly
vut,THREE_SILLY,short_u,,silly,silly
vuv,THREE_SILLY,short_u,,silly,silly
vux,THREE_SILLY,short_u,,silly,silly
vuz,THREE_SILLY,short_u,,silly,silly
zub,THREE_SILLY,short_u,,silly,silly
zud,THREE_SILLY,short_u,,silly,silly
zuf,THREE_SILLY,short_u,,silly,silly
zug,THREE_SILLY,short_u,,silly,silly
zuk,THREE_SILLY,short_u,,silly,silly
zul,THREE_SILLY,short_u,,silly,silly
zum,THREE_SILLY,short_u,,silly,silly
zun,THREE_SILLY,short_u,,silly,silly
zus,THREE_SILLY,short_u,,silly,silly
zut,THREE_SILLY,short_u,,silly,silly
zux,THREE_SILLY,short_u,,silly,silly
zuz,THREE_SILLY,short_u,,silly,silly
wub,THREE_SILLY,short_u,,silly,silly
wuf,THREE_SILLY,short_u,,silly,silly
wug,THREE_SILLY,short_u,,silly,silly
wuk,THREE_SILLY,short_u,,silly,silly
wul,THREE_SILLY,short_u,,silly,silly
wus,THREE_SILLY,short_u,,silly,silly
wuv,THREE_SILLY,short_u,,silly,silly
wux,THREE_SILLY,short_u,,silly,silly
wuz,THREE_SILLY,short_u,,silly,silly
yub,THREE_SILLY,short_u,,silly,silly
yud,THREE_SILLY,short_u,,silly,silly
yuf,THREE_SILLY,short_u,,silly,silly
yug,THREE_SILLY,short_u,,silly,silly
fiv,THREE_SILLY,short_i,,silly,silly
yul,THREE_SILLY,short_u,,silly,silly
yuv,THREE_SILLY,short_u,,silly,silly
yux,THREE_SILLY,short_u,,silly,silly
yuz,THREE_SILLY,short_u,,silly,silly
bank,FOUR_REAL,short_a|blends,,blends,plain
camp,FOUR_REAL,short_a|blends,,blends,plain
cash,FOUR_REAL,short_a|sh,,digraphs,sh
cast,FOUR_REAL,short_a|blends,,blends,plain
chap,FOUR_REAL,short_a|ch,,digraphs,ch
clap,FOUR_REAL,short_a|blends,,blends,plain
crab,FOUR_REAL,short_a|blends,,blends,plain
cram,FOUR_REAL,short_a|blends,,blends,plain
damp,FOUR_REAL,short_a|blends,,blends,plain
dash,FOUR_REAL,short_a|sh,,digraphs,sh
fast,FOUR_REAL,short_a|blends,,blends,plain
flag,FOUR_REAL,short_a|blends,,blends,plain
flat,FOUR_REAL,short_a|blends,,blends,plain
gash,FOUR_REAL,short_a|sh,,digraphs,sh
glad,FOUR_REAL,short_a|blends,,blends,plain
grab,FOUR_REAL,short_a|blends,,blends,plain
hack,FOUR_REAL,short_a|ck,,digraphs,ck
jack,FOUR_REAL,short_a|ck,,digraphs,ck
lack,FOUR_REAL,short_a|ck,,digraphs,ck
land,FOUR_REAL,short_a|blends,,blends,plain
lash,FOUR_REAL,short_a|sh,,digraphs,sh
last,FOUR_REAL,short_a|blends,,blends,plain
mast,FOUR_REAL,short_a|blends,,blends,plain
math,FOUR_REAL,short_a|th,,digraphs,th
pack,FOUR_REAL,short_a|ck,,digraphs,ck
pant,FOUR_REAL,short_a|blends,,blends,plain
plan,FOUR_REAL,short_a|blends,,blends,plain
rack,FOUR_REAL,short_a|ck,,digraphs,ck
rash,FOUR_REAL,short_a|sh,,digraphs,sh
sack,FOUR_REAL,short_a|ck,,digraphs,ck
sash,FOUR_REAL,short_a|sh,,digraphs,sh
slam,FOUR_REAL,short_a|blends,,blends,plain
slap,FOUR_REAL,short_a|blends,,blends,plain
snap,FOUR_REAL,short_a|blends,,blends,plain
span,FOUR_REAL,short_a|blends,,blends,plain
stab,FOUR_REAL,short_a|blends,,blends,plain
tack,FOUR_REAL,short_a|ck,,digraphs,ck
tank,FOUR_REAL,short_a|blends,,blends,plain
trap,FOUR_REAL,short_a|blends,,blends,plain
vast,FOUR_REAL,short_a|blends,,blends,plain
best,FOUR_REAL,short_e|blends,,blends,plain
desk,FOUR_REAL,short_e|blends,,blends,plain
fell,FOUR_REAL,short_e|double,,digraphs,double
help,FOUR_REAL,short_e|blends,,blends,plain
kept,FOUR_REAL,short_e|blends,,blends,plain
left,FOUR_REAL,short_e|blends,,blends,plain
lend,FOUR_REAL,short_e|blends,,blends,plain
melt,FOUR_REAL,short_e|blends,,blends,plain
mend,FOUR_REAL,short_e|blends,,blends,plain
peck,FOUR_REAL,short_e|ck,,digraphs,ck
rest,FOUR_REAL,short_e|blends,,blends,plain
sell,FOUR_REAL,short_e|double,,digraphs,double
stem,FOUR_REAL,short_e|blends,,blends,plain
step,FOUR_REAL,short_e|blends,,blends,plain
tell,FOUR_REAL,short_e|double,,digraphs,double
them,FOUR_REAL,short_e|th,,digraphs,th
then,FOUR_REAL,short_e|th,,digraphs,th
well,FOUR_REAL,short_e|double,,digraphs,double
went,FOUR_REAL,short_e|blends,,blends,plain
west,FOUR_REAL,short_e|blends,,blends,plain
bill,FOUR_REAL,short_i|double,,digraphs,double
clip,FOUR_REAL,short_i|blends,,blends,plain
dish,FOUR_REAL,short_i|sh,,digraphs,sh
disk,FOUR_REAL,short_i|blends,,blends,plain
drip,FOUR_REAL,short_i|blends,,blends,plain
fist,FOUR_REAL,short_i|blends,,blends,plain
gift,FOUR_REAL,short_i|blends,,blends,plain
grin,FOUR_REAL,short_i|blends,,blends,plain
grip,FOUR_REAL,short_i|blends,,blends,plain
kick,FOUR_REAL,short_i|ck,,digraphs,ck
kiss,FOUR_REAL,short_i|double,,digraphs,double
list,FOUR_REAL,short_i|blends,,blends,plain
mist,FOUR_REAL,short_i|blends,,blends,plain
pill,FOUR_REAL,short_i|double,,digraphs,double
pink,FOUR_REAL,short_i|blends,,blends,plain
rich,FOUR_REAL,short_i|ch,,digraphs,ch
sick,FOUR_REAL,short_i|ck,,digraphs,ck
silk,FOUR_REAL,short_i|blends,,blends,plain
skip,FOUR_REAL,short_i|blends,,blends,plain
skin,FOUR_REAL,short_i|blends,,blends,plain
slip,FOUR_REAL,short_i|blends,,blends,plain
spin,FOUR_REAL,short_i|blends,,blends,plain
swim,FOUR_REAL,short_i|blends,,blends,plain
tick,FOUR_REAL,short_i|ck,,digraphs,ck
trip,FOUR_REAL,short_i|blends,,blends,plain
twin,FOUR_REAL,short_i|blends,,blends,plain
blob,FOUR_REAL,short_o|blends,,blends,plain
boss,FOUR_REAL,short_o|double,,digraphs,double
chop,FOUR_REAL,short_o|ch,,digraphs,ch
crop,FOUR_REAL,short_o|blends,,blends,plain
dock,FOUR_REAL,short_o|ck,,digraphs,ck
drop,FOUR_REAL,short_o|blends,,blends,plain
fond,FOUR_REAL,short_o|blends,,blends,plain
lock,FOUR_REAL,short_o|ck,,digraphs,ck
loss,FOUR_REAL,short_o|double,,digraphs,double
mock,FOUR_REAL,short_o|ck,,digraphs,ck
moss,FOUR_REAL,short_o|double,,digraphs,double
soft,FOUR_REAL,short_o|blends,,blends,plain
sock,FOUR_REAL,short_o|ck,,digraphs,ck
spot,FOUR_REAL,short_o|blends,,blends,plain
trot,FOUR_REAL,short_o|blends,,blends,plain
buck,FOUR_REAL,short_u|ck,,digraphs,ck
bump,FOUR_REAL,short_u|blends,,blends,plain
buzz,FOUR_REAL,short_u|double,,digraphs,double
club,FOUR_REAL,short_u|blends,,blends,plain
dump,FOUR_REAL,short_u|blends,,blends,plain
dust,FOUR_REAL,short_u|blends,,blends,plain
fuzz,FOUR_REAL,short_u|double,,digraphs,double
gush,FOUR_REAL,short_u|sh,,digraphs,sh
hush,FOUR_REAL,short_u|sh,,digraphs,sh
luck,FOUR_REAL,short_u|ck,,digraphs,ck
lump,FOUR_REAL,short_u|blends,,blends,plain
must,FOUR_REAL,short_u|blends,,blends,plain
pump,FOUR_REAL,short_u|blends,,blends,plain
rush,FOUR_REAL,short_u|sh,,digraphs,sh
shut,FOUR_REAL,short_u|sh,,digraphs,sh
snug,FOUR_REAL,short_u|blends,,blends,plain
stub,FOUR_REAL,short_u|blends,,blends,plain
tuck,FOUR_REAL,short_u|ck,,digraphs,ck
black,FIVE_REAL,short_a|blends|ck,,blends,combined
blast,FIVE_REAL,short_a|blends,,blends,plain
brand,FIVE_REAL,short_a|blends,,blends,plain
clamp,FIVE_REAL,short_a|blends,,blends,plain
clash,FIVE_REAL,short_a|blends|sh,,blends,combined
class,FIVE_REAL,short_a|blends|double,,blends,combined
craft,FIVE_REAL,short_a|blends,,blends,plain
crash,FIVE_REAL,short_a|blends|sh,,blends,combined
flask,FIVE_REAL,short_a|blends,,blends,plain
gland,FIVE_REAL,short_a|blends,,blends,plain
grant,FIVE_REAL,short_a|blends,,blends,plain
grasp,FIVE_REAL,short_a|blends,,blends,plain
shack,FIVE_REAL,short_a|sh|ck,,digraphs,combined
shaft,FIVE_REAL,short_a|blends|sh,,blends,combined
shall,FIVE_REAL,short_a|sh|double,,digraphs,combined
snack,FIVE_REAL,short_a|blends|ck,,blends,combined
stack,FIVE_REAL,short_a|blends|ck,,blends,combined
stand,FIVE_REAL,short_a|blends,,blends,plain
track,FIVE_REAL,short_a|blends|ck,,blends,combined
tramp,FIVE_REAL,short_a|blends,,blends,plain
trash,FIVE_REAL,short_a|blends|sh,,blends,combined
bless,FIVE_REAL,short_e|blends|double,,blends,combined
check,FIVE_REAL,short_e|ch|ck,,digraphs,combined
chest,FIVE_REAL,short_e|blends|ch,,blends,combined
crept,FIVE_REAL,short_e|blends,,blends,plain
dress,FIVE_REAL,short_e|blends|double,,blends,combined
dwelt,FIVE_REAL,short_e|blends,,blends,plain
flesh,FIVE_REAL,short_e|blends|sh,,blends,combined
fresh,FIVE_REAL,short_e|blends|sh,,blends,combined
shelf,FIVE_REAL,short_e|blends|sh,,blends,combined
smell,FIVE_REAL,short_e|blends|double,,blends,combined
spell,FIVE_REAL,short_e|blends|double,,blends,combined
swept,FIVE_REAL,short_e|blends,,blends,plain
brick,FIVE_REAL,short_i|blends|ck,,blends,combined
crisp,FIVE_REAL,short_i|blends,,blends,plain
drift,FIVE_REAL,short_i|blends,,blends,plain
drink,FIVE_REAL,short_i|blends,,blends,plain
fifth,FIVE_REAL,short_i|blends|th,,blends,combined
filth,FIVE_REAL,short_i|blends|th,,blends,combined
frisk,FIVE_REAL,short_i|blends,,blends,plain
grill,FIVE_REAL,short_i|blends|double,,blends,combined
shift,FIVE_REAL,short_i|blends|sh,,blends,combined
skill,FIVE_REAL,short_i|blends|double,,blends,combined
spill,FIVE_REAL,short_i|blends|double,,blends,combined
split,FIVE_REAL,short_i|blends,,blends,plain
still,FIVE_REAL,short_i|blends|double,,blends,combined
swift,FIVE_REAL,short_i|blends,,blends,plain
trick,FIVE_REAL,short_i|blends|ck,,blends,combined
block,FIVE_REAL,short_o|blends|ck,,blends,combined
chomp,FIVE_REAL,short_o|blends|ch,,blends,combined
clock,FIVE_REAL,short_o|blends|ck,,blends,combined
cloth,FIVE_REAL,short_o|blends|th,,blends,combined
cross,FIVE_REAL,short_o|blends|double,,blends,combined
flock,FIVE_REAL,short_o|blends|ck,,blends,combined
gloss,FIVE_REAL,short_o|blends|double,,blends,combined
stock,FIVE_REAL,short_o|blends|ck,,blends,combined
stomp,FIVE_REAL,short_o|blends,,blends,plain
brush,FIVE_REAL,short_u|blends|sh,,blends,combined
bunch,FIVE_REAL,short_u|blends|ch,,blends,combined
cluck,FIVE_REAL,short_u|blends|ck,,blends,combined
crush,FIVE_REAL,short_u|blends|sh,,blends,combined
flush,FIVE_REAL,short_u|blends|sh,,blends,combined
gruff,FIVE_REAL,short_u|blends|double,,blends,combined
pluck,FIVE_REAL,short_u|blends|ck,,blends,combined
plump,FIVE_REAL,short_u|blends,,blends,plain
scrub,FIVE_REAL,short_u|blends,,blends,plain
shrug,FIVE_REAL,short_u|blends|sh,,blends,combined
skunk,FIVE_REAL,short_u|blends,,blends,plain
slush,FIVE_REAL,short_u|blends|sh,,blends,combined
stuck,FIVE_REAL,short_u|blends|ck,,blends,combined
thump,FIVE_REAL,short_u|blends|th,,blends,combined
truck,FIVE_REAL,short_u|blends|ck,,blends,combined
admit,FIVE_REAL,short_a|short_i|two_syllables,,additional,two_syllables
antic,FIVE_REAL,short_a|short_i|two_syllables,,additional,two_syllables
civic,FIVE_REAL,short_i|two_syllables,,additional,two_syllables
denim,FIVE_REAL,short_e|short_i|two_syllables,,additional,two_syllables
digit,FIVE_REAL,short_i|two_syllables,,additional,two_syllables
index,FIVE_REAL,short_e|short_i|blends|two_syllables,,additional,two_syllables
input,FIVE_REAL,short_i|short_u|two_syllables,,additional,two_syllables
inset,FIVE_REAL,short_e|short_i|two_syllables,,additional,two_syllables
panic,FIVE_REAL,short_a|short_i|two_syllables,,additional,two_syllables
pivot,FIVE_REAL,short_i|short_o|two_syllables,,additional,two_syllables
rivet,FIVE_REAL,short_e|short_i|two_syllables,,additional,two_syllables
robin,FIVE_REAL,short_i|short_o|two_syllables,,additional,two_syllables
salad,FIVE_REAL,short_a|two_syllables,,additional,two_syllables
solid,FIVE_REAL,short_i|short_o|two_syllables,,additional,two_syllables
tenet,FIVE_REAL,short_e|two_syllables,,additional,two_syllables
timid,FIVE_REAL,short_i|two_syllables,,additional,two_syllables
upset,FIVE_REAL,short_e|short_u|two_syllables,,additional,two_syllables
vivid,FIVE_REAL,short_i|two_syllables,,additional,two_syllables
wagon,FIVE_REAL,short_a|short_o|two_syllables,,additional,two_syllables
